adjectif_pre	total
grand	11801
petit	8769
ancien	4142
vieux	2866
joseph	2703
pasteur	2350
haut	2145
bas	2007
claude	1499
saint	1420
communal	1131
rural	962
départemental	813
gros	711
neuf	709
beau	635
national	621
nord	565
champagne	482
ferme	440
romaine	425
bon	403
bel	399
clément	391
ouest	384
léonard	364
las	359
fontaine	356
long	346
augustin	328
plein	321
ronde	311
fer	280
plan	276
clair	232
benoît	217
nouveau	209
saint-germain	203
droit	202
vert	196
belle	196
blanche	185
germain	181
évêque	177
rouge	175
basse	174
cht	170
franc	167
morne	160
haute	155
forestier	145
marcelin	136
droite	133
sud	126
rousseau	120
aux	119
or	119
saint-martin	119
blanc	119
julien	118
cave	115
verte	114
auguste	114
aurore	109
principal	107
gd	99
aiguillon	98
court	94
traversier	92
marin	87
renard	86
froid	85
chien	84
parmentier	83
valentin	79
herbe	74
r	73
rond	73
orange	72
argent	71
barbe	71
cardinal	66
premier	64
mariotte	64
creux	62
nicéphore	62
four	62
maison	61
plat	61
rose	60
valenciennes	60
7e	59
colombier	58
marine	58
éolienne	58
gay	57
1èr	55
chevalier	55
chaux	54
1er	54
plate	54
faux	54
paille	51
royal	49
argentier	49
sable	49
vache	49
artisanal	48
amiral	47
noir	45
latéral	45
activit	44
rousse	44
armée	43
brion	42
plain	42
vierge	41
billard	41
ardoise	40
basset	40
marteau	39
général	39
sommière	39
joli	39
jade	38
argile	37
commercial	37
gai	36
veuf	36
mauvais	36
couturier	36
azur	36
lucien	35
charpentier	35
épervier	35
albin	35
charbonnière	34
enfant	33
jeune	33
villard	33
dumont	33
émeraude	32
pie	32
manuel	31
chaude	31
3	31
camp	30
chétif	29
mal	29
joséphine	29
avenu	29
tallevend	28
clos	27
violette	27
micheline	27
mort	27
cadet	26
fée	26
corbeau	25
industriel	24
étain	24
péan	24
aigu	23
central	23
vicinal	23
bleu	23
fronton	23
touch	22
mur	22
roux	22
canard	22
cher	22
florentin	22
nuit	21
boucher	21
hans	21
passerell	20
révérend	20
aiglon	20
bernardin	20
sain	20
bise	20
charbonnier	20
moreau	19
champion	19
sec	19
mage	19
levant	19
deuxième	19
forte	19
modeste	18
vc	18
vif	18
pelletier	18
gras	17
barbet	17
porte	17
sauge	17
chevrière	16
charron	16
chl	16
chevrier	16
albe	16
aubert	15
astrée	15
paquet	15
rabat	15
chou	15
proche	15
abricotier	15
empire	15
porcher	15
min	15
plombières	15
martin	15
balai	15
feu	14
lou	14
ami	14
nègre	14
mandrin	14
écrevisse	14
barge	14
rat	14
aigrette	14
aurélien	14
doux	14
pascal	13
francillon	13
fort	13
pion	13
fontain	13
bourbon	13
barbeau	13
large	13
brun	13
beurre	13
arrivée	13
breton	13
clémentine	13
fluvial	13
bassin	12
linière	12
fin	12
épervière	12
suisse	12
aubin	12
portuaire	12
mauve	12
cassis	12
ballot	11
folle	11
chaud	11
sapin	11
cayenne	11
vide	11
mill	11
comble	11
4	11
bidon	11
gardien	11
moyen	11
potier	11
isabelle	11
grave	11
hôte	11
penn	10
philadelphe	10
enchanteur	10
brique	10
placide	10
chatte	10
mousse	10
léger	10
frais	10
menu	10
souris	10
loriot	10
anc	10
soule	10
clairette	10
angélique	10
gris	10
horloger	10
cabri	9
chétive	9
mou	9
mouill	9
corail	9
plane	9
parme	9
gentil	9
capucine	9
courant	9
bus	9
franche	9
dormans	9
touristique	9
vrai	9
tilleul	9
biesse	9
traou	9
traversière	9
étourneau	9
abricot	9
rousset	9
carolin	8
fine	8
troisième	8
bulle	8
pillard	8
un	8
catin	8
saint-romain	8
sportif	8
creac	8
indigo	8
collet	8
tr	8
garance	8
domanial	8
baure	8
cavalier	8
verde	8
annexe	8
bessin	8
roussot	8
carré	7
neuve	7
cochon	7
intérieur	7
couverte	7
tenu	7
hospitalier	7
cap	7
terrasson	7
bigot	7
avenue	7
acajou	7
châtelain	7
maritime	7
acier	7
maigre	7
salin	7
matelot	7
cube	7
baie	7
rubis	7
rt	7
cul	7
maître	7
saturnin	7
beauregard	7
voilier	7
mimosa	7
souleilla	7
cerise	7
territorial	7
morillon	7
opaline	7
marchand	7
bordeaux	7
pailler	7
corentin	7
placi	7
prairie	7
cordouan	7
gauche	7
glaise	7
plant	7
ecl	7
courbe	7
gaillard	7
orgueilleux	7
8	6
villaine	6
rouille	6
fier	6
bœuf	6
benoit	6
chalin	6
sauveur	6
romain	6
cellier	6
thermidor	6
saumon	6
montant	6
gouvion	6
more	6
merlot	6
éclair	6
rivier	6
universitaire	6
pouvoir	6
bourgeois	6
poul	6
crétin	6
porz	6
lucienne	6
portillon	6
douanier	6
vive	6
saint-roman	6
maraîcher	6
prudent	6
vanille	6
dernier	6
supérieur	6
guyon	6
voisine	6
commune	6
transversal	6
mélanie	6
méchant	6
bienvenu	6
wallon	6
claux	6
colombine	6
pantin	6
oratoire	6
riant	6
pauvre	6
moulière	6
ort	6
ocre	6
enclos	6
vain	5
commun	5
intercommunal	5
barcelonnette	5
barbarin	5
malaise	5
ter	5
saline	5
saint-symphorien	5
coursièr	5
viell	5
avant	5
corse	5
guignard	5
albine	5
coquin	5
coquette	5
coquelicot	5
11	5
lente	5
aviateur	5
circulaire	5
fou	5
avranchin	5
longuet	5
sauvage	5
fontanelle	5
gratt	5
albertine	5
conventionnel	5
tir	5
consort	5
tierce	5
résidentiel	5
pastoral	5
bénard	5
milin	5
perle	5
borée	5
roman	5
quart	5
fidèle	5
besse	5
castellan	5
casse-cou	5
palis	5
economiqu	5
canon	5
occitan	5
ramier	5
rent	5
chamois	5
métier	5
brac	5
portal	5
picard	5
bateau	5
brunet	5
marron	5
saint-michel	5
ponceau	5
piétonnier	5
complexe	4
platte	4
raccourci	4
blondin	4
all	4
bédoin	4
guinguette	4
radio	4
raide	4
blanchette	4
bis	4
fraise	4
fauconnière	4
reculée	4
telesieg	4
regional	4
potager	4
quatrième	4
planch	4
public	4
goarem	4
giratoire	4
bénin	4
printemps	4
frette	4
prime	4
ébène	4
âtre	4
économique	4
bonne	4
cadette	4
gazon	4
chaussé	4
quarant	4
frank	4
quarte	4
para	4
grésillon	4
chauve	4
technologique	4
assane	4
poilu	4
monde	4
cluse	4
molle	4
bernard	4
aigre	4
rompu	4
sot	4
chioso	4
serin	4
militaire	4
chambon	4
meunier	4
melon	4
souverain	4
fleurie	4
agricole	4
mat	4
sarcelle	4
villier	4
amadou	4
sabin	4
sale	4
chasseur	4
sabine	4
sablière	4
sage	4
rom	4
pointu	4
autre	4
stratégique	4
sylvestre	4
carrèr	4
clau	4
vil	4
municipal	4
jean	4
jubilé	4
aumônier	4
céleste	4
jaune	4
technique	4
athée	4
citrine	4
vigneron	4
kreiz	4
cinquième	4
riche	4
doyen	3
fromental	3
florentine	3
vincent	3
vermillon	3
fauconnier	3
voisin	3
etng	3
versenn	3
fouilli	3
volontaire	3
vial	3
veule	3
forain	3
electriqu	3
fretin	3
el	3
forgeron	3
sauf	3
frère	3
repenti	3
rapide	3
noire	3
noble	3
métropolitain	3
mure	3
moussu	3
rieux	3
gal	3
robertin	3
rosse	3
menue	3
mazarin	3
mayn	3
maure	3
oisillon	3
quinz	3
quinte	3
oyat	3
pacifique	3
quint	3
paillère	3
partie	3
pêcheur	3
pavé	3
pt	3
profond	3
privé	3
primaire	3
piéton	3
poivre	3
poche	3
maternel	3
rude	3
marn	3
issue	3
galba	3
gallois	3
vague	3
gaucher	3
gemme	3
gran	3
granger	3
tortue	3
thermal	3
tertiaire	3
terrier	3
terne	3
ilet	3
templier	3
taillis	3
saint-géry	3
tachen	3
suédois	3
sud-est	3
jumeau	3
soyer	3
lavande	3
laze	3
libre	3
lisse	3
lormier	3
sarrazin	3
sang	3
mailly	3
mancelle	3
pendant	3
10	3
chauvin	3
avocat	3
coll	3
crémier	3
créole	3
bross	3
cocu	3
brul	3
cloche	3
alizé	3
bicentenaire	3
aimé	3
baba	3
bachelier	3
brève	3
besson	3
adelphe	3
absinthe	3
buissonnet	3
blonde	3
bocneuf	3
chrysostome	3
amarante	3
caraïbe	3
cornier	3
cordonnier	3
bouquin	3
coulis	3
bouzard	3
caramel	3
arlésien	3
courtaud	3
courte	3
capucin	3
atlantique	3
con	3
comblat	3
autodrome	3
cri	3
croche	3
chapelaine	3
camée	3
demoiselle	3
14	3
chenevier	3
chic	3
romarin	2
audacieux	2
rétif	2
borgnesse	2
beaun	2
aunay	2
bossu	2
atlantic	2
aubine	2
cartron	2
séraphine	2
régional	2
prévoyant	2
mutin	2
beaujolais	2
straet	2
herrisson	2
hexagone	2
morelle	2
moqu	2
chateauneuf	2
héliotrope	2
hypogée	2
huîtrière	2
léonin	2
battre	2
autorout	2
bolin	2
huitième	2
spécial	2
mariolle	2
marinoise	2
colombière	2
hippolyt	2
hippique	2
roussin	2
médical	2
tel	2
bastid	2
praline	2
appert	2
aphrodite	2
prad	2
ruin	2
torte	2
tortu	2
toscan	2
toto	2
nautique	2
gibelin	2
germinal	2
chazot	2
marchai	2
gent	2
goujat	2
gourde	2
n571	2
routier	2
beal	2
méditerranée	2
carotte	2
grec	2
grd	2
mélèze	2
grasset	2
manant	2
grappe	2
ardéchois	2
mallemontad	2
grande	2
man	2
ardissart	2
souleya	2
impérial	2
maya	2
littoral	2
laie	2
saint-etienn	2
riau	2
saut	2
labouygu	2
massif	2
savonnière	2
labastid	2
rhon	2
miel	2
miellé	2
lorrain	2
kerimaux	2
renver	2
bienheureux	2
chant	2
riot	2
colleg	2
baillet	2
chouette	2
chapelier	2
salant	2
lette	2
libéral	2
rogatien	2
lind	2
châtelaine	2
linot	2
lateral	2
chérubin	2
sar	2
saint-georg	2
riv	2
menuet	2
senart	2
karen	2
kaki	2
jumelle	2
jacobin	2
monial	2
louvet	2
marqu	2
sorcy	2
beg	2
interne	2
ramière	2
monteux	2
marmotte	2
sacré	2
inspecteur	2
inférieur	2
informatique	2
roulier	2
blanchet	2
jaine	2
cent	2
ratier	2
mimi	2
seul	2
sien	2
ministre	2
minière	2
lourd	2
jojo	2
jardinier	2
rasoir	2
sixième	2
soixant	2
clinique	2
lourde	2
nenez	2
neauphl	2
ondée	2
artiste	2
philippin	2
octavien	2
alter	2
aise	2
cremaill	2
alpha	2
allègre	2
capot	2
camy	2
tournant	2
fournet	2
planel	2
patient	2
eden	2
fraisier	2
demi	2
ursin	2
yrieix	2
za	2
piqu	2
alezan	2
floral	2
pomme	2
novice	2
piétonne	2
paul	2
ambre	2
cret	2
notre-dam	2
vers	2
ordinaire	2
canari	2
plessier	2
fol	2
brossard	2
plasenn	2
plombière	2
amande	2
calin	2
cantonnier	2
onglée	2
fondu	2
brienne	2
croz	2
alto	2
plt	2
fontan	2
ouvrier	2
olympique	2
brg	2
picasso	2
emm	2
cron	2
vernh	2
valoir	2
nouvel	2
alexandrin	2
noirterr	2
adroit	2
dive	2
gaillot	2
perse	2
neuvill	2
2e	2
vienn	2
albertin	2
perroquet	2
digne	2
pompier	2
émilien	2
tranch	2
émissaire	2
bête	2
tranquille	2
doucet	2
palmiste	2
gan	2
post	2
perdu	2
aladin	2
noisette	2
étroit	2
célestin	2
cévenol	2
célestine	2
durette	2
campo	2
turquoise	2
tourneur	2
froide	2
palier	2
gaudin	2
traon	2
brave	2
paus	2
pontoise	2
placett	2
vineux	2
cœur	2
pervenche	2
tra	2
du	2
12	2
fumée	2
truc	2
angevin	2
beunech	1
rocaille	1
rogal	1
pinieux	1
beurrière	1
piolé	1
pla	1
placeaux	1
bertrand	1
riante	1
robert	1
buch	1
rivièr	1
riba	1
bess	1
pionnier	1
rivalain	1
piquant	1
pit	1
bs	1
ricarvill	1
rieucro	1
pieux	1
roncier	1
rogn	1
pers	1
rouan	1
roucamp	1
petriqu	1
roudigou	1
belecost	1
bénit	1
rouget	1
petiot	1
perspectif	1
roullen	1
persan	1
becarn	1
rogue	1
rousselièr	1
perel	1
rout	1
percerot	1
pepin	1
bazinier	1
pentagone	1
bazet	1
bayot	1
bayless	1
penote	1
peut	1
bellemazièr	1
bellot	1
roquière	1
roi	1
pierreux	1
bernardine	1
pierr	1
berlot	1
bergeronnette	1
buson	1
berdine	1
romanche	1
bussac	1
benoîton	1
ronceux	1
roncière	1
bengali	1
benat	1
bâbord	1
rondomin	1
ronnie	1
pezièr	1
root	1
peybernat	1
roquet	1
roquett	1
bruèr	1
pouchan	1
brute	1
péreill	1
boudret	1
popote	1
prisonnier	1
pontière	1
ruch	1
boudou	1
bouchée	1
bouchère	1
proron	1
prospère	1
bouchillon	1
bouchardiere-	1
bot	1
puce	1
puisatier	1
puit	1
puycalvel	1
puyconieux	1
pyrène	1
pollux	1
polder	1
pâtissier	1
pèlerin	1
brehain	1
poitevin	1
bouge	1
primell	1
porh	1
bourrel	1
pouchon	1
poudi	1
pouilleux	1
bournazel	1
potinier	1
bourogn	1
poulinière	1
pote	1
poultièr	1
pouss	1
bourbonnais	1
pradell	1
bouillie	1
pradine	1
bourbier	1
bourrée	1
bourtoll	1
bouton	1
bouych	1
bourach	1
première	1
pres	1
presbytèr	1
bouyn	1
pédestre	1
poissonnière	1
rhin	1
born	1
plano	1
rapin	1
blanchecoudr	1
brulé	1
brune	1
raz	1
planal	1
planaise	1
rd1	1
rebeu	1
rec	1
bin	1
bihan	1
regnier	1
brusque	1
reicha	1
bign	1
rendu	1
renferm	1
renouvill	1
brut	1
plag	1
reprise	1
revest	1
reynou	1
rangé	1
planqu	1
ramond	1
boer	1
poissonnier	1
borgne	1
poireau	1
bordenav	1
bolo	1
querreux	1
breuil	1
boiteux	1
boisviel	1
quièr	1
quo	1
bridier	1
briquetière	1
rabieux	1
bochard	1
racin	1
radar	1
ragot	1
blond	1
raidillon	1
raissac	1
brier	1
pleherel	1
blch	1
rare	1
saramea	1
ruchell	1
andré	1
tyrien	1
turk	1
tuqu	1
tuil	1
tréma	1
trova	1
tropical	1
trognon	1
anjou	1
trin	1
tresben	1
trempe	1
trelan	1
treigneux	1
traître	1
angelin	1
ulez	1
andr	1
unac	1
universel	1
vanillier	1
valérien	1
valzon	1
valy	1
valetton	1
amer	1
valcro	1
vaivr	1
amfrevill	1
vaillant	1
amical	1
amie	1
urbain	1
ura	1
ampriel	1
angervill	1
tral	1
bay	1
terrien	1
aqueduc	1
ardenn	1
thala	1
testard	1
test	1
terv	1
ardent	1
arpent	1
trait	1
arquett	1
arquizat	1
tendre	1
tenargu	1
temporaire	1
tempanel	1
artizanal	1
thiou	1
thèr	1
aquatique	1
tiron	1
trainal	1
antique	1
tourn	1
antonin	1
touraine	1
toura	1
toulou	1
toul	1
toucy	1
anver	1
aou	1
tors	1
topolo	1
topaz	1
tit	1
vasco	1
vaudois	1
vazeill	1
vovray	1
wimereux	1
wari	1
9e	1
vétérinaire	1
vvf	1
abaissée	1
voyeu	1
voltair	1
veirier	1
volt	1
abeil	1
volga	1
voleur	1
abeiller	1
achill	1
vogu	1
zoologique	1
âgé	1
âpre	1
81/rout	1
évangéliste	1
étroite	1
étranger	1
145	1
16	1
épais	1
16/rout	1
émil	1
2	1
électrique	1
5e	1
5f	1
échec	1
écarlate	1
80a	1
vlg	1
vital	1
vist	1
veuve	1
allège	1
verse	1
verrier	1
vern	1
vergongeat	1
vergn	1
verdet	1
aluku	1
verd	1
vercher	1
venu	1
vendéenne	1
vendu	1
vendeur	1
vell	1
allen	1
vezin	1
administratif	1
viaux	1
violet	1
vinsobr	1
agnant	1
agu	1
villar	1
aiguill	1
villageois	1
vilain	1
vihan	1
vigna	1
vign	1
albain	1
alexandr	1
vieil	1
vicen	1
telecabin	1
arty	1
taurin	1
banane	1
balifier	1
sancé	1
sami	1
same	1
samazan	1
ballée	1
banal	1
salan	1
sebet	1
saladine	1
sainte-catherin	1
sainte-ann	1
baptiste	1
baracand	1
bardonnière	1
saint-paulin	1
sanguin	1
sanguine	1
saphir	1
bais	1
scolaire	1
savoyard	1
savan	1
sausseus	1
sausset	1
sauret	1
badine	1
bagneux	1
bahut	1
saud	1
bai	1
saturn	1
sarda	1
baillette	1
penhoat	1
bargeot	1
saint-medard	1
saint-maur	1
saen	1
bastidon	1
bastidonne	1
sabarth	1
baudet	1
résistant	1
baudonnier	1
républicain	1
régimentaire	1
régence	1
réfractaire	1
réduit	1
rustique	1
baum	1
rufin	1
ruel	1
sabourin	1
bassen	1
barolin	1
sagittair	1
saint-marcelin	1
barraqu	1
saint-guillaum	1
barrasq	1
saint-daumary	1
saint-cassien	1
saint-caprai	1
saint-blaiz	1
saint-benin	1
saint-andéol	1
saint-andré	1
saint-affriqu	1
barreg	1
basque	1
sagn	1
scolastique	1
aéronautique	1
taupin	1
stan	1
automobile	1
straed	1
stendhal	1
stellaire	1
steen	1
stauffer	1
stang	1
autonome	1
secret	1
sport	1
autry	1
soutran	1
souta	1
sout	1
sous-marin	1
sourd	1
authieux	1
suilly	1
sulpic	1
aulussat	1
tannée	1
tanièr	1
tamis	1
tala	1
tal	1
aubai	1
tahiti	1
tagliata	1
aubervill	1
tabust	1
sévère	1
sépia	1
ségala	1
symphorien	1
sylvaine	1
avr	1
ay	1
soulair	1
sillon	1
sezi	1
severin	1
sety	1
servier	1
servi	1
serve	1
serrer	1
serpentin	1
aérien	1
septième	1
sensiv	1
selinier	1
seguala	1
segonn	1
segonaux	1
sie	1
silvestre	1
souilly	1
simonet	1
souel	1
soueich	1
soudain	1
soubr	1
ayen	1
ayer	1
sommièr	1
solo	1
solferino	1
solagu	1
skol	1
sir	1
sinueux	1
sincère	1
simple	1
cabanell	1
divine	1
penghilli	1
hopi	1
guillen	1
guill	1
guigu	1
conro	1
guerrier	1
guergadic	1
guelet	1
cont	1
gru	1
grosse	1
conti	1
grond	1
groizard	1
groa	1
grièche	1
coo	1
grimé	1
condamin	1
guior	1
guyonvarc	1
hay	1
hilaire	1
heurtebis	1
heureux	1
heregad	1
herbu	1
colère	1
hell	1
combett	1
gwazh	1
hauss	1
comin(ancien	1
hallebardier	1
gérard	1
commandant	1
génoise	1
génois	1
grenadine	1
grenadin	1
greminier	1
giroflée	1
godet	1
cordial	1
goa	1
glacier	1
glaci	1
gla	1
girond	1
corneill	1
gollot	1
girardier	1
giltier	1
gigon	1
cornière	1
gentian	1
genot	1
cornu	1
godin	1
gorg	1
gremgi	1
coquillard	1
green	1
grayssac	1
graves	1
coopératif	1
gratte-panch	1
coppieter	1
coq	1
coquinet	1
gouelet	1
corcell	1
grain	1
gozh	1
cordelier	1
goutt	1
gouto	1
goutell	1
hol	1
horticole	1
cabani	1
collèg	1
kerprat	1
kernevez	1
kerly	1
kerimeaux	1
kerhuel	1
kerhorre	1
kergwenn	1
kergu	1
kergal	1
junior	1
junghurst	1
junac	1
citoyen	1
clagirard	1
claou	1
joyeux	1
joyeuse	1
kervanou	1
koad	1
cirière	1
laite	1
langast	1
land	1
lancière	1
lanceron	1
lamirai	1
laland	1
laitier	1
cinquant	1
labaroch	1
lagrav	1
lafitt	1
laclott	1
lacazass	1
labord	1
labit	1
labio	1
jouée	1
jouy	1
journel	1
idéal	1
incen	1
in	1
impd	1
immaculé	1
imbro	1
ilote	1
collin	1
hôtelier	1
colchiqu	1
collot	1
hypocauste	1
huîtrier	1
hutin	1
hustan	1
huguenot	1
hoveraèr	1
incinérateur	1
intermédiaire	1
jourdan	1
jeanton	1
clarinette	1
clauzel	1
jonquille	1
clemenceau	1
jobard	1
clerey	1
jeu	1
jeant	1
international	1
jean-loui	1
jardin	1
cloutel	1
ivry	1
cocoyer	1
issu	1
col	1
coron	1
corpo	1
gayn	1
cosaque	1
eybertièr	1
expéditionnaire	1
excavateur	1
européen	1
etrangleloup	1
etoil	1
dai	1
estev	1
esterel	1
establ	1
espou	1
espla	1
escur	1
escouli	1
esclave	1
escarbot	1
escanaux	1
eyglier	1
failli	1
failloux	1
fertile	1
cuquel	1
fieffé	1
cyclable	1
ficelle	1
feviat	1
feuill	1
cyr	1
ferré	1
faiss	1
ferroviaire	1
ferrièr	1
ferrier	1
ferreol	1
fayarde	1
daguin	1
fat	1
ervaux	1
erse	1
davalad	1
double	1
dieu	1
digital	1
drette	1
drapier	1
douzonvill	1
directeur	1
douvr	1
disett	1
druisieux	1
dorée	1
dormeur	1
dorgel	1
donjon	1
dominante	1
divers	1
dolent	1
dropt	1
dufailly	1
debout	1
eget	1
decharg	1
enceinte	1
defen	1
emeraud	1
embal	1
del	1
demeur	1
ecobu	1
diamant	1
désert	1
déporté	1
desir	1
duyvelinn	1
duyen	1
dur	1
dunois	1
figueyroll	1
filasse	1
filay	1
courenvau	1
gailhau	1
coulzonn	1
féodal	1
coumeng	1
coup	1
fruitière	1
coupier	1
frison	1
couest	1
fricassay	1
friand	1
courtiaux	1
frescheviller	1
français	1
coustièr	1
coutière	1
coulisse	1
gallo	1
couvert	1
coual	1
gavroche	1
costass	1
couaill	1
gasn	1
garraben	1
gareux	1
garenn	1
garden	1
couch	1
gardain	1
couard	1
ganqui	1
gann	1
gammal	1
galère	1
galop	1
coutrillon	1
couée	1
filou	1
flavien	1
crusn	1
flou	1
floche	1
fleury	1
cubord	1
fleuri	1
fleurant	1
flat	1
foireux	1
flassan	1
flache	1
first	1
finott	1
cubzac	1
finale	1
culard	1
foch	1
cru	1
cr	1
forlac	1
fourrée	1
fourc	1
crab	1
fount	1
creon	1
forvill	1
cressat	1
fontrabl	1
fonchai	1
fontmejèr	1
fontbonn	1
cros	1
crot	1
font	1
fonctionnel	1
foncière	1
languin	1
lann	1
lanslebourg	1
montceaux	1
carb	1
nanteuil	1
nantech	1
nanssen	1
nain	1
n83	1
n5	1
n48	1
n3	1
n2	1
môme	1
carbou	1
carnassier	1
ménétrier	1
mémorial	1
mélo	1
méchante	1
nationale	1
naturel	1
naturiste	1
niguer	1
caraque	1
nogier	1
carauba	1
nizon	1
nivart	1
nisse	1
niolu	1
caravaning	1
naval	1
nice	1
neuvic	1
caraybat	1
net	1
nemery	1
naze	1
naxo	1
caroubier	1
mèr	1
muscat	1
celeri	1
moucher	1
caunett	1
morte	1
causs	1
moron	1
cayr	1
cazebonn	1
cellière	1
catalane	1
moral	1
moraillon	1
montégut	1
montée	1
montvert	1
montreuil	1
montredon	1
mouchy	1
castagnal	1
carpion	1
carretal	1
muraillass	1
carrair	1
carrelet	1
multimodal	1
muletier	1
muette	1
mue	1
mouziey	1
mourel	1
moutarde	1
mousseaux	1
mousseau	1
caser	1
moussard	1
mourrel	1
mourenx	1
nol	1
car	1
nord-ouest	1
parlant	1
caillot	1
pass	1
caisse	1
partisan	1
paro	1
calixtine	1
calvair	1
parkou	1
caféière	1
parjure	1
parisien	1
pari	1
parer	1
parent	1
parallèle	1
calzac	1
caign	1
patmo	1
papou	1
pec	1
pencran	1
pelé	1
pelous	1
pelletière	1
cabann	1
pell	1
peco	1
paysager	1
pattu	1
payen	1
cabourg	1
pavoi	1
pavillonnaire	1
café	1
pauli	1
patu	1
cam	1
cambon	1
normal	1
canut	1
canepetièr	1
canine	1
onet	1
dizier	1
ombrelle	1
cantou	1
octogone	1
obscur	1
orchaise	1
négrier	1
capou	1
capoulet	1
nue	1
nucléaire	1
noyeux	1
normande	1
orbai	1
canadien	1
palière	1
paillassonn	1
campanul	1
pali	1
palerm	1
palatine	1
pair	1
campine	1
camus	1
paillard	1
orphelin	1
pagny	1
paganel	1
oviller	1
ourdou	1
canabal	1
osier	1
canadian	1
montplaisir	1
cen	1
laprad	1
montan	1
maitre	1
mais	1
main	1
chennevièr	1
chenu	1
magnac	1
cherley	1
macair	1
chesnai	1
chetif	1
luzern	1
lutin	1
lulli	1
lugu	1
chety	1
chevier	1
louviel	1
maix	1
chenay	1
chen	1
chaumier	1
marier	1
margot	1
mareux	1
marett	1
maretièr	1
marengo	1
mardell	1
marceline	1
malin	1
chavagn	1
chavoss	1
maninghem	1
mang	1
chef	1
manceau	1
malisoll	1
louv	1
lousse	1
chevriot	1
lavallière	1
lemno	1
lembert	1
legerg	1
leda	1
laziroul	1
lavaud	1
châtaignier	1
laurentine	1
lesbo	1
lauragaise	1
launay	1
latour	1
chérir	1
laroch	1
larivièr	1
lapradell	1
lertier	1
lescur	1
loti	1
chique	1
chevrotin	1
chevrotine	1
lopin	1
chicard	1
loguel	1
locmaria	1
ll	1
chir	1
leste	1
limousine	1
limousin	1
chocolat	1
levis	1
chon	1
levallois	1
leux	1
marijon	1
chaufournier	1
chatelaine	1
meysonnass	1
mignonne	1
mignon	1
midi	1
chandoiseau	1
michel	1
mi	1
mezzo	1
meyrand	1
chaland	1
chanet	1
mesnescop	1
merlin	1
merle	1
merigou	1
merigot	1
mercu	1
mignot	1
chabran	1
chanteur	1
mitroculu	1
cendrée	1
mollet	1
molezon	1
moka	1
moign	1
centième	1
mobile	1
minime	1
cgn	1
mineur	1
minerv	1
miner	1
certain	1
cessein	1
milo	1
millénaire	1
chantemerl	1
mentonnière	1
mariner	1
chartrain	1
charolaise	1
charpin	1
matala	1
charretier	1
massi	1
martyr	1
martinat	1
chartraine	1
mati	1
marsan	1
chartreux	1
marquant	1
marocain	1
chassai	1
marjolain	1
chasseign	1
mathali	1
matibot	1
menoi	1
mechant	1
mendrau	1
mem	1
chantilly	1
mel	1
meix	1
mein	1
mechet	1
mazièr	1
matt	1
mazer	1
mazarine	1
charbon	1
charcutier	1
charm	1
maurel	1
charmoy	1
lainier	1
