	name	latitude	longitude	scores	category	price	address
2	萨莎(这是一条测试商户数据，仅用于测试开发，开发完成后请申请正式数据...)	31.20855	121.44971	40.0	酒吧	149.0	徐汇区东平路11号
12	宝莱纳餐厅(这是一条测试商户数据，仅用于测试开发，开发完成后请申请正式数据...)	31.22067	121.47457	40.0	酒吧	165.0	卢湾区太仓路181弄新天地北里19-20号
78	九重天酒廊(这是一条测试商户数据，仅用于测试开发，开发完成后请申请正式数据...)	31.235037	121.50584	35.0	酒吧	164.0	浦东新区世纪大道88号金茂君悦大酒店87楼
81	凯博西餐酒吧(这是一条测试商户数据，仅用于测试开发，开发完成后请申请正式数据...)	31.221075	121.47513	40.0	酒吧	123.0	卢湾区太仓路181弄新天地北里5号楼
113	马龙美式餐厅(这是一条测试商户数据，仅用于测试开发，开发完成后请申请正式数据...)	31.226326	121.449814	30.0	酒吧	88.0	静安区铜仁路255号
221	硬石酒吧(这是一条测试商户数据，仅用于测试开发，开发完成后请申请正式数据...)	31.301588	121.50958	30.0	酒吧	41.0	杨浦区政通路315号
262	璐娜西餐厅酒吧(这是一条测试商户数据，仅用于测试开发，开发完成后请申请正式数据...)	31.22093	121.47474	30.0	酒吧	117.0	卢湾区新天地北里太仓路181弄16号1单元
316	外滩啤酒总汇(这是一条测试商户数据，仅用于测试开发，开发完成后请申请正式数据...)	31.236628	121.48908	35.0	酒吧	170.0	黄浦区汉口路11号
432	夜来香(这是一条测试商户数据，仅用于测试开发，开发完成后请申请正式数据...)	31.219954	121.45978	35.0	酒吧	87.0	卢湾区茂名南路58号花园饭店3楼
435	Old Times(这是一条测试商户数据，仅用于测试开发，开发完成后请申请正式数据...)	31.205292	121.44717	30.0	酒吧	59.0	徐汇区衡山路85号
455	DR(这是一条测试商户数据，仅用于测试开发，开发完成后请申请正式数据...)	31.220034	121.47497	40.0	酒吧	121.0	卢湾区太仓路181弄新天地北里15号楼
464	棉花俱乐部(这是一条测试商户数据，仅用于测试开发，开发完成后请申请正式数据...)	31.210615	121.44785	30.0	酒吧	133.0	徐汇区淮海中路1428号
517	贝尼(这是一条测试商户数据，仅用于测试开发，开发完成后请申请正式数据...)	31.203417	121.44595	30.0	酒吧	71.0	徐汇区永嘉路705号
595	C's 酒吧(这是一条测试商户数据，仅用于测试开发，开发完成后请申请正式数据...)	31.20683	121.42371	30.0	酒吧	44.0	长宁区定西路685号B1楼
598	Windows TOO(这是一条测试商户数据，仅用于测试开发，开发完成后请申请正式数据...)	31.223673	121.44631	30.0	酒吧	50.0	静安区南京西路1618号久光百货2楼
603	CJW爵士酒吧(这是一条测试商户数据，仅用于测试开发，开发完成后请申请正式数据...)	31.219736	121.475105	35.0	酒吧	159.0	卢湾区兴业路123弄新天地南里2号4单元
653	摩砚(这是一条测试商户数据，仅用于测试开发，开发完成后请申请正式数据...)	31.205578	121.44674	30.0	酒吧	99.0	徐汇区衡山路10号
744	吟之屋酒吧(这是一条测试商户数据，仅用于测试开发，开发完成后请申请正式数据...)	31.216873	121.4253	20.0	酒吧	55.0	长宁区宣化路233号
778	老第坊(这是一条测试商户数据，仅用于测试开发，开发完成后请申请正式数据...)	31.220295	121.47466	30.0	酒吧	87.0	卢湾区太仓路181号新天地北里内
784	3D Art Bar(这是一条测试商户数据，仅用于测试开发，开发完成后请申请正式数据...)	31.191385	121.387665	30.0	酒吧	69.0	闵行区虹梅路3338弄2号虹梅休闲街11号
801	威斯汀丽心吧(这是一条测试商户数据，仅用于测试开发，开发完成后请申请正式数据...)	31.23244	121.48684	40.0	酒吧	101.0	黄浦区河南中路88号上海威斯汀大饭店2楼
811	库雪茄吧(这是一条测试商户数据，仅用于测试开发，开发完成后请申请正式数据...)	31.202951	121.40585	30.0	酒吧	89.0	长宁区延安西路2099号扬子江万丽酒店1楼
855	JW's酒廊(这是一条测试商户数据，仅用于测试开发，开发完成后请申请正式数据...)	31.230774	121.46938	35.0	酒吧	99.0	静安区南京西路399号JW万豪酒店40楼
867	Zapata's Mexican Cantina(这是一条测试商户数据，仅用于测试开发，开发完成后请申请正式数据...)	31.208305	121.44954	30.0	酒吧	119.0	徐汇区衡山路5号
877	Piano Bar(这是一条测试商户数据，仅用于测试开发，开发完成后请申请正式数据...)	31.234873	121.50559	40.0	酒吧	151.0	浦东新区世纪大道88号金茂君悦大酒店53楼
1037	blue frog蓝蛙(这是一条测试商户数据，仅用于测试开发，开发完成后请申请正式数据...)	31.240057	121.58287	40.0	酒吧	120.0	浦东新区碧云路633号体育休闲中心1楼R3号
1217	Harley's Bar(这是一条测试商户数据，仅用于测试开发，开发完成后请申请正式数据...)	31.189314	121.43837	30.0	酒吧	39.0	徐汇区南丹东路265号地下室
1233	Bar Rouge(这是一条测试商户数据，仅用于测试开发，开发完成后请申请正式数据...)	31.238428	121.48969	40.0	酒吧	233.0	黄浦区中山东一路18号外滩十八号7楼
1323	Big Bamboo(这是一条测试商户数据，仅用于测试开发，开发完成后请申请正式数据...)	31.228033	121.451485	35.0	酒吧	93.0	静安区南阳路132号波特曼后门
1369	Judy's(这是一条测试商户数据，仅用于测试开发，开发完成后请申请正式数据...)	31.2248	121.450584	30.0	酒吧	53.0	静安区铜仁路142-146号
1411	巴赫酒廊(这是一条测试商户数据，仅用于测试开发，开发完成后请申请正式数据...)	31.201715	121.443665	30.0	酒吧	67.0	徐汇区衡山路516号富豪环球东亚酒店1楼
1449	顿迪酒吧(这是一条测试商户数据，仅用于测试开发，开发完成后请申请正式数据...)	31.203367	121.44581	30.0	酒吧	104.0	徐汇区衡山路281号
1464	爵士酒吧(这是一条测试商户数据，仅用于测试开发，开发完成后请申请正式数据...)	31.210732	121.44489	35.0	酒吧	130.0	徐汇区复兴西路46号
1480	芭芭露莎(这是一条测试商户数据，仅用于测试开发，开发完成后请申请正式数据...)	31.23133	121.471054	40.0	酒吧	115.0	黄浦区南京西路231号人民公园内人工湖
1605	游廊酒吧(这是一条测试商户数据，仅用于测试开发，开发完成后请申请正式数据...)	31.223696	121.52832	30.0	酒吧	85.0	浦东新区东方路889号红塔豪华精选酒店1楼
1622	米罗酒吧(这是一条测试商户数据，仅用于测试开发，开发完成后请申请正式数据...)	31.202337	121.43404	30.0	酒吧	58.0	长宁区法华镇路17号
1626	哇吧(这是一条测试商户数据，仅用于测试开发，开发完成后请申请正式数据...)	31.179144	121.387535	35.0	酒吧	60.0	闵行区吴中路1050号盛世莲花广场A栋
1943	哈鲁(这是一条测试商户数据，仅用于测试开发，开发完成后请申请正式数据...)	31.204721	121.44685	20.0	酒吧	68.0	徐汇区衡山路237号
2003	Eagle’s(这是一条测试商户数据，仅用于测试开发，开发完成后请申请正式数据...)	31.226883	121.55925	30.0	酒吧	58.0	浦东新区芳甸路199弄证大大拇指广场内
2057	丽嘉酒吧(这是一条测试商户数据，仅用于测试开发，开发完成后请申请正式数据...)	31.226927	121.45198	40.0	酒吧	141.0	静安区南京西路1357号波特曼大酒店2楼
2110	288现场音乐吧(这是一条测试商户数据，仅用于测试开发，开发完成后请申请正式数据...)	31.207516	121.46786	35.0	酒吧	125.0	卢湾区泰康路288号2楼
2138	船长酒吧(这是一条测试商户数据，仅用于测试开发，开发完成后请申请正式数据...)	31.23539	121.489655	40.0	酒吧	83.0	黄浦区福州路37号船长酒店6搂
2222	柒酒廊(这是一条测试商户数据，仅用于测试开发，开发完成后请申请正式数据...)	31.22956	121.52166	35.0	酒吧	94.0	浦东新区张杨路777号锦江汤臣洲际大酒店1楼
2324	丽笙星空酒吧(这是一条测试商户数据，仅用于测试开发，开发完成后请申请正式数据...)	31.234478	121.47318	40.0	酒吧	118.0	黄浦区南京西路88号新世界丽笙大酒店47楼
2392	莱克酒吧(这是一条测试商户数据，仅用于测试开发，开发完成后请申请正式数据...)	31.247383	121.57577	35.0	酒吧	57.0	浦东新区云山路1419号
2420	WHY BAR(这是一条测试商户数据，仅用于测试开发，开发完成后请申请正式数据...)	31.224775	121.47406	35.0	酒吧	74.0	卢湾区黄陂南路35号
2468	彩云轩(这是一条测试商户数据，仅用于测试开发，开发完成后请申请正式数据...)	31.219175	121.44517	30.0	酒吧	160.0	静安区华山路250号希尔顿酒店40楼
2617	袋鼠酒吧(这是一条测试商户数据，仅用于测试开发，开发完成后请申请正式数据...)	31.21066	121.46303	45.0	酒吧	54.0	卢湾区永嘉路35号
2649	MT Club(这是一条测试商户数据，仅用于测试开发，开发完成后请申请正式数据...)	31.223448	121.44431	30.0	酒吧	288.0	静安区愚园路218号百乐门2楼
3382	JW万豪大堂酒廊(这是一条测试商户数据，仅用于测试开发，开发完成后请申请正式数据...)	31.230453	121.469696	40.0	酒吧	167.0	静安区南京西路399号明天广场JW万豪酒店38楼
4861	冠军吧(这是一条测试商户数据，仅用于测试开发，开发完成后请申请正式数据...)	31.191486	121.37679	30.0	酒吧	119.0	长宁区虹桥路2270号万豪虹桥大酒店1楼
4879	美丽时光酒吧(这是一条测试商户数据，仅用于测试开发，开发完成后请申请正式数据...)	31.227375	121.56003	35.0	酒吧	62.0	浦东新区芳甸路199弄证大大拇指广场12号
5159	龙之梦大堂酒廊(这是一条测试商户数据，仅用于测试开发，开发完成后请申请正式数据...)	31.21111	121.4304	35.0	酒吧	135.0	长宁区延安西路1116号龙之梦大酒店1楼
5188	金门大酒店酒吧(这是一条测试商户数据，仅用于测试开发，开发完成后请申请正式数据...)	31.234188	121.47262	30.0	酒吧	42.0	黄浦区南京西路108号金门大酒店1楼
5204	Cotton's(这是一条测试商户数据，仅用于测试开发，开发完成后请申请正式数据...)	31.20172	121.44768	40.0	酒吧	119.0	徐汇区安亭路132号
5376	喜来登大堂酒廊(这是一条测试商户数据，仅用于测试开发，开发完成后请申请正式数据...)	31.203644	121.40555	35.0	酒吧	110.0	长宁区遵义南路5号虹桥喜来登上海太平洋大饭店1楼
5750	LIVEBAR(这是一条测试商户数据，仅用于测试开发，开发完成后请申请正式数据...)	31.294176	121.52526	30.0	酒吧	73.0	杨浦区国顺东路800号
5827	紫金山大酒店大堂酒吧(这是一条测试商户数据，仅用于测试开发，开发完成后请申请正式数据...)	31.227983	121.52355	30.0	酒吧	90.0	浦东新区东方路778号紫金山大酒店底楼
5902	嘉木堂酒吧(这是一条测试商户数据，仅用于测试开发，开发完成后请申请正式数据...)	31.218264	121.43577	30.0	酒吧	60.0	长宁区东诸安浜路57号
6061	Beedees Coffee & Bar(这是一条测试商户数据，仅用于测试开发，开发完成后请申请正式数据...)	31.225307	121.465645	30.0	酒吧	47.0	静安区大沽路433号
6298	好梦酒吧(这是一条测试商户数据，仅用于测试开发，开发完成后请申请正式数据...)	31.381283	121.492584	30.0	酒吧	83.0	宝山区水产路
6335	淳大万丽酒店大堂酒吧(这是一条测试商户数据，仅用于测试开发，开发完成后请申请正式数据...)	31.223852	121.55225	30.0	酒吧	76.0	浦东新区长柳路100号淳大万丽酒店1楼
7155	Bar Gatsby Cocktail & Bourbon(这是一条测试商户数据，仅用于测试开发，开发完成后请申请正式数据...)	31.225294	121.4641	40.0	酒吧	68.0	静安区大沽路488号
7261	789 Bar(这是一条测试商户数据，仅用于测试开发，开发完成后请申请正式数据...)	31.23463	121.476166	40.0	酒吧	141.0	黄浦区南京东路789号世茂皇家艾美酒店64-66楼
7267	裕景大堂酒廊(这是一条测试商户数据，仅用于测试开发，开发完成后请申请正式数据...)	31.240953	121.5203	35.0	酒吧	76.0	浦东新区浦东大道535号裕景大饭店大堂
7676	Oscar's Pub(这是一条测试商户数据，仅用于测试开发，开发完成后请申请正式数据...)	31.210522	121.450195	40.0	酒吧	88.0	徐汇区复兴中路1377号
7682	The Glamour Bar(这是一条测试商户数据，仅用于测试开发，开发完成后请申请正式数据...)	31.234455	121.49071	45.0	酒吧	142.0	黄浦区广东路20号外滩5号6楼
8085	和平饭店爵士吧(这是一条测试商户数据，仅用于测试开发，开发完成后请申请正式数据...)	31.238956	121.48961	50.0	酒吧	206.0	黄浦区南京东路20号和平饭店1楼
8389	8 Balance(这是一条测试商户数据，仅用于测试开发，开发完成后请申请正式数据...)	31.207457	121.40185	30.0	酒吧	150.0	长宁区古北路555弄虹桥华庭5号楼103室
8476	Eddy's Bar(这是一条测试商户数据，仅用于测试开发，开发完成后请申请正式数据...)	31.203533	121.43776	35.0	酒吧	45.0	徐汇区淮海中路1877号
8672	Sky Bar(这是一条测试商户数据，仅用于测试开发，开发完成后请申请正式数据...)	31.219954	121.45978	40.0	酒吧	108.0	卢湾区茂名南路58号花园饭店33楼
9289	SUS2 MUSIC BAR(这是一条测试商户数据，仅用于测试开发，开发完成后请申请正式数据...)	31.206867	121.423706	35.0	酒吧	83.0	长宁区定西路685号
9346	Enoterra红酒吧(这是一条测试商户数据，仅用于测试开发，开发完成后请申请正式数据...)	31.2147	121.44699	40.0	酒吧	120.0	徐汇区安福路55号
9587	佛罗伦琴酒吧(这是一条测试商户数据，仅用于测试开发，开发完成后请申请正式数据...)	31.223156	121.5291	30.0	酒吧	69.0	浦东新区东方路899号浦东假日酒店1楼
9838	KOALA BAR(这是一条测试商户数据，仅用于测试开发，开发完成后请申请正式数据...)	31.200092	121.42921	35.0	酒吧	47.0	长宁区淮海西路280号
9907	金洋咖啡吧(这是一条测试商户数据，仅用于测试开发，开发完成后请申请正式数据...)	31.215944	121.45469	40.0	酒吧	52.0	徐汇区东湖路7号东湖宾馆内
9950	Yesterday Pub(这是一条测试商户数据，仅用于测试开发，开发完成后请申请正式数据...)	31.221462	121.46497	30.0	酒吧	50.0	卢湾区长乐路
10729	田子坊弄堂酒吧(这是一条测试商户数据，仅用于测试开发，开发完成后请申请正式数据...)	31.20797	121.46932	35.0	酒吧	80.0	卢湾区泰康路258号田子坊
11573	The Shelter(这是一条测试商户数据，仅用于测试开发，开发完成后请申请正式数据...)	31.211828	121.4439	35.0	酒吧	87.0	徐汇区永福路5号
12384	British Bar(这是一条测试商户数据，仅用于测试开发，开发完成后请申请正式数据...)	31.244358	121.48988	30.0	酒吧	150.0	虹口区北苏州路20号上海大厦1楼
12649	Ci5 Cafe & Champagne Bar(这是一条测试商户数据，仅用于测试开发，开发完成后请申请正式数据...)	31.205029	121.43991	40.0	酒吧	104.0	徐汇区淮海中路1797号
12743	翡翠36酒吧(这是一条测试商户数据，仅用于测试开发，开发完成后请申请正式数据...)	31.235716	121.49911	45.0	酒吧	129.0	浦东新区富城路33号香格里拉大酒店紫金楼36楼
13104	海獭酒吧(这是一条测试商户数据，仅用于测试开发，开发完成后请申请正式数据...)	31.20813	121.45178	30.0	酒吧	52.0	徐汇区岳阳路28号
13241	Ladyrose Bar(这是一条测试商户数据，仅用于测试开发，开发完成后请申请正式数据...)	31.269066	121.60701	35.0	酒吧	40.0	浦东新区张桥佳林路84号
13378	House of Blues & Jazz(这是一条测试商户数据，仅用于测试开发，开发完成后请申请正式数据...)	31.235458	121.489204	40.0	酒吧	185.0	黄浦区福州路60号
13806	非常时髦酒吧(这是一条测试商户数据，仅用于测试开发，开发完成后请申请正式数据...)	31.24541	121.49345	40.0	酒吧	154.0	虹口区黄浦路199号上海外滩茂悦大酒店西楼32楼
14196	The Park Tavern(这是一条测试商户数据，仅用于测试开发，开发完成后请申请正式数据...)	31.196947	121.44059	35.0	酒吧	96.0	徐汇区衡山路840号
14234	蓝堡啤酒屋(这是一条测试商户数据，仅用于测试开发，开发完成后请申请正式数据...)	31.22711	121.51495	40.0	酒吧	97.0	浦东新区浦东南路1138号上海湾广场118室
15146	酒池星座 Constellation(这是一条测试商户数据，仅用于测试开发，开发完成后请申请正式数据...)	31.217682	121.455124	45.0	酒吧	109.0	徐汇区新乐路86号
15447	高歌酒吧(这是一条测试商户数据，仅用于测试开发，开发完成后请申请正式数据...)	31.23243	121.4018	30.0	酒吧	165.0	普陀区金沙江路588号2楼
15539	蓝毗尼(这是一条测试商户数据，仅用于测试开发，开发完成后请申请正式数据...)	31.207897	121.46901	35.0	酒吧	74.0	卢湾区泰康路248弄田子坊12号
16197	WINDOWS(这是一条测试商户数据，仅用于测试开发，开发完成后请申请正式数据...)	31.231121	121.46393	30.0	酒吧	64.0	静安区南京西路702号
17380	福朋喜来登酒店大堂吧(这是一条测试商户数据，仅用于测试开发，开发完成后请申请正式数据...)	31.273718	121.452034	30.0	酒吧	119.0	闸北区共和新路1928号大宁福朋喜来登酒店1楼大堂
18144	Mokkos(这是一条测试商户数据，仅用于测试开发，开发完成后请申请正式数据...)	31.225048	121.43363	50.0	酒吧	80.0	长宁区武定西路1245号103室
18379	Shanghai Studio(这是一条测试商户数据，仅用于测试开发，开发完成后请申请正式数据...)	31.203873	121.43764	35.0	酒吧	80.0	徐汇区淮海中路1950弄4号
18591	Kiitos(这是一条测试商户数据，仅用于测试开发，开发完成后请申请正式数据...)	31.210102	121.44371	40.0	酒吧	69.0	徐汇区永福路127号
19987	BM Club(这是一条测试商户数据，仅用于测试开发，开发完成后请申请正式数据...)	31.236666	121.443695	30.0	酒吧	552.0	静安区余姚路34号同乐坊16号楼
20281	SKY Club(这是一条测试商户数据，仅用于测试开发，开发完成后请申请正式数据...)	31.236721	121.44293	30.0	酒吧	577.0	静安区余姚路74号
21381	AARON 5 Bar(这是一条测试商户数据，仅用于测试开发，开发完成后请申请正式数据...)	31.20797	121.46932	35.0	酒吧	77.0	卢湾区泰康路258号田子坊15号
21406	吧39(这是一条测试商户数据，仅用于测试开发，开发完成后请申请正式数据...)	31.219425	121.445335	40.0	酒吧	98.0	静安区华山路250号希尔顿酒店39楼
21964	M1NT(这是一条测试商户数据，仅用于测试开发，开发完成后请申请正式数据...)	31.234528	121.4843	45.0	酒吧	436.0	黄浦区福州路318号浦汇大厦24楼
22090	Bell Cafe&Bar(这是一条测试商户数据，仅用于测试开发，开发完成后请申请正式数据...)	31.2087	121.46891	40.0	酒吧	86.0	卢湾区泰康路248弄11号后门
22278	Kee Club(这是一条测试商户数据，仅用于测试开发，开发完成后请申请正式数据...)	31.218557	121.46293	40.0	酒吧	759.0	卢湾区淮海中路796号3-4楼
22431	柏悦酒店大堂酒吧(这是一条测试商户数据，仅用于测试开发，开发完成后请申请正式数据...)	31.234571	121.507965	40.0	酒吧	160.0	浦东新区世纪大道100号上海环球金融中心上海柏悦酒店87楼
22593	I Love Shanghai Lounge(这是一条测试商户数据，仅用于测试开发，开发完成后请申请正式数据...)	31.22828	121.44379	30.0	酒吧	84.0	静安区新闸路1788号3楼
22781	03迪斯科(这是一条测试商户数据，仅用于测试开发，开发完成后请申请正式数据...)	31.155306	121.348	30.0	酒吧	40.0	闵行区七莘路3155号七宝星钻城4楼
23178	酒池星座(这是一条测试商户数据，仅用于测试开发，开发完成后请申请正式数据...)	31.21113	121.46401	50.0	酒吧	106.0	卢湾区永嘉路31号2楼
23504	世纪100酒吧(这是一条测试商户数据，仅用于测试开发，开发完成后请申请正式数据...)	31.234571	121.507965	40.0	酒吧	167.0	浦东新区世纪大道100号上海环球金融中心上海柏悦酒店92楼
23964	TORRES LA VINOTECA(这是一条测试商户数据，仅用于测试开发，开发完成后请申请正式数据...)	31.216112	121.4549	35.0	酒吧	255.0	徐汇区东湖路20号
24595	南十字星(这是一条测试商户数据，仅用于测试开发，开发完成后请申请正式数据...)	31.213854	121.4516	45.0	酒吧	103.0	徐汇区淮海中路1276号
24807	BIN74(这是一条测试商户数据，仅用于测试开发，开发完成后请申请正式数据...)	31.210793	121.44326	40.0	酒吧	99.0	徐汇区复兴西路74号
25301	哥莉酒吧(这是一条测试商户数据，仅用于测试开发，开发完成后请申请正式数据...)	31.20413	121.44574	30.0	酒吧	165.0	徐汇区衡山路
25405	北外滩之夜酒吧(这是一条测试商户数据，仅用于测试开发，开发完成后请申请正式数据...)	31.247427	121.4895	35.0	酒吧	133.0	虹口区吴淞路205号恒升半岛国际酒店26楼B
26594	蓝蚂酒吧(这是一条测试商户数据，仅用于测试开发，开发完成后请申请正式数据...)	31.281658	121.507416	30.0	酒吧	42.0	杨浦区彰武路18号同济联合广场E楼216室
26973	Nancy's Bar(这是一条测试商户数据，仅用于测试开发，开发完成后请申请正式数据...)	31.1916	121.38859	30.0	酒吧	80.0	闵行区虹梅路3338弄2号虹梅休闲街12号
27789	CLUB CD SOHO(这是一条测试商户数据，仅用于测试开发，开发完成后请申请正式数据...)	31.206245	121.44747	35.0	酒吧	351.0	徐汇区衡山路4号领馆广场内
27904	搜浩No.88酒吧(这是一条测试商户数据，仅用于测试开发，开发完成后请申请正式数据...)	31.217154	121.45251	35.0	酒吧	281.0	徐汇区富民路291号悟锦世纪大厦2楼
28405	Bar 99(这是一条测试商户数据，仅用于测试开发，开发完成后请申请正式数据...)	31.19116	121.41228	30.0	酒吧	94.0	长宁区古羊路427号3楼
28532	B&C BAR(这是一条测试商户数据，仅用于测试开发，开发完成后请申请正式数据...)	31.23549	121.4447	30.0	酒吧	45.0	静安区西康路685号
28730	杰克的酒窝(这是一条测试商户数据，仅用于测试开发，开发完成后请申请正式数据...)	31.216927	121.48236	45.0	酒吧	69.0	黄浦区肇周路76号
28731	Free Soul(这是一条测试商户数据，仅用于测试开发，开发完成后请申请正式数据...)	31.214916	121.442276	30.0	酒吧	48.0	徐汇区长乐路1221号
29267	Southern Belle (美之美汁咖啡酒吧)(这是一条测试商户数据，仅用于测试开发，开发完成后请申请正式数据...)	31.2186	121.45439	40.0	酒吧	97.0	卢湾区长乐路433号
29342	Zpark Bar(这是一条测试商户数据，仅用于测试开发，开发完成后请申请正式数据...)	31.21896	121.41706	45.0	酒吧	89.0	长宁区长宁路1018号龙之梦万丽酒店25楼
29535	谊桥咖啡酒吧(这是一条测试商户数据，仅用于测试开发，开发完成后请申请正式数据...)	31.244537	121.49065	35.0	酒吧	54.0	虹口区大名路30号
29624	葡道(这是一条测试商户数据，仅用于测试开发，开发完成后请申请正式数据...)	31.206928	121.43943	45.0	酒吧	108.0	徐汇区武康路376号武康庭102室
29653	Ricky's Bar(这是一条测试商户数据，仅用于测试开发，开发完成后请申请正式数据...)	31.240705	121.531265	40.0	酒吧	102.0	浦东新区浦东大道930号
35747	炫吧(这是一条测试商户数据，仅用于测试开发，开发完成后请申请正式数据...)	31.114092	121.2246	35.0	酒吧	88.0	松江区泗陈公路3388弄东方佘山索菲特大酒店2楼
35880	The Red Moon Pub(这是一条测试商户数据，仅用于测试开发，开发完成后请申请正式数据...)	31.209976	121.557884	30.0	酒吧	130.0	浦东新区梅花路949号
36170	The Chalet(这是一条测试商户数据，仅用于测试开发，开发完成后请申请正式数据...)	31.207672	121.45597	45.0	酒吧	84.0	徐汇区永嘉路385弄
36360	典尚红酒吧(这是一条测试商户数据，仅用于测试开发，开发完成后请申请正式数据...)	31.195408	121.40141	45.0	酒吧	115.0	长宁区黄金城道701号
37365	开巴(这是一条测试商户数据，仅用于测试开发，开发完成后请申请正式数据...)	31.207727	121.423836	40.0	酒吧	84.0	长宁区定西路739号
37449	c&c餐厅(这是一条测试商户数据，仅用于测试开发，开发完成后请申请正式数据...)	31.211922	121.43085	30.0	酒吧	22.0	长宁区延安西路1066号瑞峰公寓酒店1楼
37618	Dada(这是一条测试商户数据，仅用于测试开发，开发完成后请申请正式数据...)	31.2052	121.43097	35.0	酒吧	77.0	长宁区幸福路115号
38301	FULL HOUSE coffee bar(这是一条测试商户数据，仅用于测试开发，开发完成后请申请正式数据...)	31.204561	121.44679	35.0	酒吧	58.0	徐汇区衡山路298-2号临
38305	西玛XIMA(这是一条测试商户数据，仅用于测试开发，开发完成后请申请正式数据...)	31.203447	121.44601	30.0	酒吧	82.0	徐汇区衡山路703号
38887	岛pub(这是一条测试商户数据，仅用于测试开发，开发完成后请申请正式数据...)	31.221067	121.469894	30.0	酒吧	50.0	卢湾区雁荡路6号
40117	查理酒吧(这是一条测试商户数据，仅用于测试开发，开发完成后请申请正式数据...)	31.202618	121.42907	30.0	酒吧	95.0	长宁区番禺路400号
40270	斯格威铂尔曼Blu Bar(这是一条测试商户数据，仅用于测试开发，开发完成后请申请正式数据...)	31.204308	121.471245	35.0	酒吧	81.0	卢湾区打浦路15号斯格威铂尔曼大酒店50楼
40280	半岛酒店引航酒吧(这是一条测试商户数据，仅用于测试开发，开发完成后请申请正式数据...)	31.2415	121.48901	40.0	酒吧	207.0	黄浦区中山东一路32号半岛酒店1楼
40287	半岛酒店玲珑酒廊(这是一条测试商户数据，仅用于测试开发，开发完成后请申请正式数据...)	31.241537	121.489235	40.0	酒吧	145.0	黄浦区中山东一路32号半岛酒店B1楼
41450	52Riverside(这是一条测试商户数据，仅用于测试开发，开发完成后请申请正式数据...)	31.19574	121.69318	35.0	酒吧	61.0	浦东新区民贤路52号
41511	SBS191(这是一条测试商户数据，仅用于测试开发，开发完成后请申请正式数据...)	31.205078	121.44708	30.0	酒吧	92.0	徐汇区衡山路191号
41655	长吧(这是一条测试商户数据，仅用于测试开发，开发完成后请申请正式数据...)	31.222265	121.44812	45.0	酒吧	163.0	静安区常德路1号璞丽酒店1楼
41873	藏宝(这是一条测试商户数据，仅用于测试开发，开发完成后请申请正式数据...)	31.226645	121.43539	35.0	酒吧	78.0	静安区武定西路1180-2号
42048	HONEY酒吧(这是一条测试商户数据，仅用于测试开发，开发完成后请申请正式数据...)	31.214985	121.45609	30.0	酒吧	187.0	徐汇区淮海中路1045号新淮海国际广场2楼
42445	蓝堡啤酒花园(这是一条测试商户数据，仅用于测试开发，开发完成后请申请正式数据...)	31.195398	121.39966	40.0	酒吧	97.0	长宁区黄金城道706号
42735	HIGHLAND(这是一条测试商户数据，仅用于测试开发，开发完成后请申请正式数据...)	31.017443	121.43238	35.0	酒吧	33.0	闵行区东川路847号
42783	el CÓCTEL(这是一条测试商户数据，仅用于测试开发，开发完成后请申请正式数据...)	31.211369	121.44399	50.0	酒吧	121.0	徐汇区永福路47号2楼
43111	2：0 one piece bar(这是一条测试商户数据，仅用于测试开发，开发完成后请申请正式数据...)	31.158524	121.42093	35.0	酒吧	50.0	徐汇区钦州南路559号
43631	这儿酒吧(这是一条测试商户数据，仅用于测试开发，开发完成后请申请正式数据...)	31.113686	121.05378	40.0	酒吧	48.0	青浦区朱家角镇西井街118号
43756	RICE BAR(这是一条测试商户数据，仅用于测试开发，开发完成后请申请正式数据...)	31.204964	121.42465	35.0	酒吧	50.0	长宁区法华镇路532号
44118	Rhumerie Bounty(这是一条测试商户数据，仅用于测试开发，开发完成后请申请正式数据...)	31.233444	121.449905	35.0	酒吧	76.0	静安区武定路550号
50555	丽思卡尔顿行政酒廊(这是一条测试商户数据，仅用于测试开发，开发完成后请申请正式数据...)	31.236633	121.50132	40.0	酒吧	448.0	浦东新区世纪大道8号上海国金中心丽思卡尔顿酒店49楼
51112	The Camel Bar(这是一条测试商户数据，仅用于测试开发，开发完成后请申请正式数据...)	31.208942	121.4521	40.0	酒吧	104.0	徐汇区岳阳路1号
51162	The Music Room(这是一条测试商户数据，仅用于测试开发，开发完成后请申请正式数据...)	31.234596	121.5077	35.0	酒吧	156.0	浦东新区世纪大道100号上海环球金融中心92楼
54118	瑞Red Lounge(这是一条测试商户数据，仅用于测试开发，开发完成后请申请正式数据...)	31.190521	121.39423	30.0	酒吧	159.0	长宁区虹许路788号名都城俱乐部后廊
54335	酒藏坊(这是一条测试商户数据，仅用于测试开发，开发完成后请申请正式数据...)	31.231693	121.45218	40.0	酒吧	116.0	静安区陕西北路527号
54448	Dark Horse(这是一条测试商户数据，仅用于测试开发，开发完成后请申请正式数据...)	31.255526	121.556854	0.0	酒吧	62.0	浦东新区浦东大道2402号
54456	Shiva Lounge(这是一条测试商户数据，仅用于测试开发，开发完成后请申请正式数据...)	31.211605	121.44406	35.0	酒吧	62.0	徐汇区永福路47号102室
54604	OBAMA Club(这是一条测试商户数据，仅用于测试开发，开发完成后请申请正式数据...)	31.202538	121.40812	35.0	酒吧	146.0	长宁区延安西路2088号嘉顿商业广场B201
54704	独家记忆咖啡酒吧(这是一条测试商户数据，仅用于测试开发，开发完成后请申请正式数据...)	31.04958	121.19895	30.0	酒吧	23.0	松江区大学城四期文汇路1028号2楼
54805	罗斯福公馆(这是一条测试商户数据，仅用于测试开发，开发完成后请申请正式数据...)	31.240383	121.48997	40.0	酒吧	259.0	黄浦区外滩中山东一路27号
55079	和平饭店茉莉酒廊(这是一条测试商户数据，仅用于测试开发，开发完成后请申请正式数据...)	31.23894	121.48909	50.0	酒吧	291.0	黄浦区南京东路20号和平饭店1层
55081	Cin Cin Wine & Cigar Lounge(这是一条测试商户数据，仅用于测试开发，开发完成后请申请正式数据...)	31.239128	121.48937	35.0	酒吧	116.0	黄浦区南京东路20号和平饭店大堂夹层
55168	696LIVE(这是一条测试商户数据，仅用于测试开发，开发完成后请申请正式数据...)	31.259117	121.48157	35.0	酒吧	70.0	虹口区四川北路1727弄11-8号
55369	蓝枪鱼西餐酒吧(这是一条测试商户数据，仅用于测试开发，开发完成后请申请正式数据...)	31.24214	121.583	40.0	酒吧	126.0	浦东新区蓝天路689号
55510	乌托邦酒吧(这是一条测试商户数据，仅用于测试开发，开发完成后请申请正式数据...)	31.383974	121.24191	30.0	酒吧	59.0	嘉定区梅园路226号
55661	地平线(这是一条测试商户数据，仅用于测试开发，开发完成后请申请正式数据...)	31.204483	121.42656	40.0	酒吧	77.0	长宁区法华镇路455-4号
55829	Red Passion(这是一条测试商户数据，仅用于测试开发，开发完成后请申请正式数据...)	31.242561	121.504105	40.0	酒吧	114.0	浦东新区陆家嘴环路1288号上海凯宾斯基大酒店30楼
55985	PHEBE 3D CLUB(这是一条测试商户数据，仅用于测试开发，开发完成后请申请正式数据...)	31.20544	121.4468	35.0	酒吧	337.0	徐汇区衡山路10号欧登大厦1楼
56197	N Square(这是一条测试商户数据，仅用于测试开发，开发完成后请申请正式数据...)	31.202808	121.444984	30.0	酒吧	53.0	徐汇区衡山路306号
56506	Tam O'Shanter(这是一条测试商户数据，仅用于测试开发，开发完成后请申请正式数据...)	31.211468	121.444115	30.0	酒吧	95.0	徐汇区永福路47号104座
57151	CLUB S2(这是一条测试商户数据，仅用于测试开发，开发完成后请申请正式数据...)	31.22483	121.48028	40.0	酒吧	451.0	卢湾区淮海中路1号柳林大厦6楼
57326	Shanghai Brewery(这是一条测试商户数据，仅用于测试开发，开发完成后请申请正式数据...)	31.191286	121.388145	40.0	酒吧	114.0	闵行区虹梅路3338弄虹梅路休闲街21C
57405	世博洲际酒店酒坊(这是一条测试商户数据，仅用于测试开发，开发完成后请申请正式数据...)	31.199244	121.50524	35.0	酒吧	119.0	浦东新区雪野路1188号世博洲际酒店内
59200	思酷巴潜水主题酒吧(这是一条测试商户数据，仅用于测试开发，开发完成后请申请正式数据...)	31.223131	121.466354	30.0	酒吧	50.0	卢湾区巨鹿路158号大同坊5148室
59299	BEER MASTRE(这是一条测试商户数据，仅用于测试开发，开发完成后请申请正式数据...)	31.169878	121.41495	30.0	酒吧	1142.0	徐汇区田林路109号
59792	外滩浦华大酒店老船长酒吧(这是一条测试商户数据，仅用于测试开发，开发完成后请申请正式数据...)	31.25138	121.502426	45.0	酒吧	142.0	虹口区高阳路168号外滩浦华大酒店内
60752	Red Lips Bar(这是一条测试商户数据，仅用于测试开发，开发完成后请申请正式数据...)	31.211636	121.53256	30.0	酒吧	127.0	浦东新区蓝村路9号
61100	Windows ScoreBoard(这是一条测试商户数据，仅用于测试开发，开发完成后请申请正式数据...)	31.220852	121.46887	35.0	酒吧	71.0	卢湾区淮海中路527号锦江国际购物中心11楼
62611	The Roof(这是一条测试商户数据，仅用于测试开发，开发完成后请申请正式数据...)	31.206104	121.45094	50.0	酒吧	123.0	徐汇区永嘉路570号永嘉庭5号楼4楼
62966	The Monkey Champagne(这是一条测试商户数据，仅用于测试开发，开发完成后请申请正式数据...)	31.216309	121.45406	35.0	酒吧	108.0	徐汇区东湖路38号
62985	Lola(这是一条测试商户数据，仅用于测试开发，开发完成后请申请正式数据...)	31.205864	121.451164	30.0	酒吧	129.0	徐汇区永嘉路570号永嘉庭4号楼
63108	玖悦葡萄酒国际会所(这是一条测试商户数据，仅用于测试开发，开发完成后请申请正式数据...)	31.222624	121.44265	35.0	酒吧	40.0	静安区乌鲁木齐北路199号世纪时空大厦6楼
63130	第一风尚GAGA酒吧(这是一条测试商户数据，仅用于测试开发，开发完成后请申请正式数据...)	31.182508	121.441986	35.0	酒吧	270.0	徐汇区天钥桥路666号八万人体育场内
63396	Piro Restaurant & Bar(这是一条测试商户数据，仅用于测试开发，开发完成后请申请正式数据...)	31.217024	121.44798	40.0	酒吧	90.0	静安区常熟路89号
64292	元一希尔顿驿动大堂酒吧(这是一条测试商户数据，仅用于测试开发，开发完成后请申请正式数据...)	31.187609	121.39528	35.0	酒吧	109.0	长宁区红松东路1116号虹桥元一希尔顿酒店
64482	秦汉明月音乐酒吧(这是一条测试商户数据，仅用于测试开发，开发完成后请申请正式数据...)	31.288174	121.53159	30.0	酒吧	680.0	杨浦区永吉路9号翰昌天地3楼
64717	Lucky Star Coffee&Bar(这是一条测试商户数据，仅用于测试开发，开发完成后请申请正式数据...)	31.273342	121.48014	35.0	酒吧	39.0	虹口区东体育会支路17号
65191	苏克音乐酒吧(这是一条测试商户数据，仅用于测试开发，开发完成后请申请正式数据...)	31.111828	121.38842	30.0	酒吧	47.0	闵行区地铁南广场梅陇西路2074号
65315	红缇Wineshop&Lounge(这是一条测试商户数据，仅用于测试开发，开发完成后请申请正式数据...)	31.218065	121.44782	35.0	酒吧	225.0	静安区巨鹿路909号
65729	邑欧酒吧(这是一条测试商户数据，仅用于测试开发，开发完成后请申请正式数据...)	31.038507	121.2181	0.0	酒吧	44.0	松江区新松江路925号开元地中海商业广场2楼2159A号商铺
65910	Brownstone(这是一条测试商户数据，仅用于测试开发，开发完成后请申请正式数据...)	31.205864	121.451164	45.0	酒吧	107.0	徐汇区永嘉路570号永嘉庭311单元
75154	悦台三号酒吧(这是一条测试商户数据，仅用于测试开发，开发完成后请申请正式数据...)	31.272633	121.481	35.0	酒吧	50.0	虹口区东江湾路444号虹口足球场3号楼梯下
75627	禧艺大厅酒吧(这是一条测试商户数据，仅用于测试开发，开发完成后请申请正式数据...)	31.248985	121.48922	30.0	酒吧	39.0	虹口区吴淞路299号宝御酒店1楼
75986	羿庭(这是一条测试商户数据，仅用于测试开发，开发完成后请申请正式数据...)	31.233816	121.49105	45.0	酒吧	232.0	黄浦区中山东一路2号华尔道夫酒店新塔楼
76162	A.T Bar(这是一条测试商户数据，仅用于测试开发，开发完成后请申请正式数据...)	31.245186	121.49103	35.0	酒吧	59.0	虹口区大名路66 - 68号
76236	Sunset Bar(这是一条测试商户数据，仅用于测试开发，开发完成后请申请正式数据...)	31.191385	121.387665	35.0	酒吧	113.0	闵行区虹梅路3338弄老外街21A号
76581	Salley Garden(这是一条测试商户数据，仅用于测试开发，开发完成后请申请正式数据...)	31.206789	121.45344	40.0	酒吧	78.0	徐汇区永嘉路480号
76633	嘉里酒店The BREW •酿(这是一条测试商户数据，仅用于测试开发，开发完成后请申请正式数据...)	31.212984	121.56338	45.0	酒吧	181.0	浦东新区花木路1388号嘉里大酒店1楼
76763	The OZ(这是一条测试商户数据，仅用于测试开发，开发完成后请申请正式数据...)	31.204412	121.41836	30.0	酒吧	44.0	长宁区凯旋路1156号
77310	窄门(这是一条测试商户数据，仅用于测试开发，开发完成后请申请正式数据...)	31.300808	121.50104	30.0	酒吧	43.0	杨浦区武东路1号
77450	Lune Bar(这是一条测试商户数据，仅用于测试开发，开发完成后请申请正式数据...)	31.216843	121.452545	35.0	酒吧	54.0	徐汇区新乐路218号4楼
80097	山缇(这是一条测试商户数据，仅用于测试开发，开发完成后请申请正式数据...)	31.213661	121.42934	35.0	酒吧	191.0	长宁区武夷路84号
80283	INFERNO(这是一条测试商户数据，仅用于测试开发，开发完成后请申请正式数据...)	31.206758	121.45338	40.0	酒吧	53.0	徐汇区永嘉路480号弄内
80565	咏萄专卖店(这是一条测试商户数据，仅用于测试开发，开发完成后请申请正式数据...)	31.230917	121.43646	40.0	酒吧	142.0	静安区泰州路200号
81981	迪龙酒吧(这是一条测试商户数据，仅用于测试开发，开发完成后请申请正式数据...)	31.217775	121.42937	35.0	酒吧	46.0	长宁区宣化路62号
82454	TZ House 弹指之间音乐酒吧(这是一条测试商户数据，仅用于测试开发，开发完成后请申请正式数据...)	31.22427	121.43522	45.0	酒吧	94.0	长宁区镇宁路525号一楼
82503	百特酒吧(这是一条测试商户数据，仅用于测试开发，开发完成后请申请正式数据...)	31.226236	121.56078	35.0	酒吧	102.0	浦东新区浦东新区迎春路1199号上海证大丽笙酒店1楼
83125	Ture Love(这是一条测试商户数据，仅用于测试开发，开发完成后请申请正式数据...)	31.20544	121.4468	30.0	酒吧	167.0	徐汇区衡山路10号欧登大厦2楼
83195	来因何酒吧(这是一条测试商户数据，仅用于测试开发，开发完成后请申请正式数据...)	31.278463	121.45177	30.0	酒吧	31.0	闸北区共和新路2395弄大宁新天地61号
83849	MJ.98酒吧(这是一条测试商户数据，仅用于测试开发，开发完成后请申请正式数据...)	31.228775	121.496956	30.0	酒吧	144.0	黄浦区中山东二路501号新十六铺商业区B112室
83973	亚太万豪酒店云景吧(这是一条测试商户数据，仅用于测试开发，开发完成后请申请正式数据...)	31.221521	121.39594	35.0	酒吧	109.0	普陀区大渡河路158号新发展亚太万豪酒店33楼
84080	I Club(这是一条测试商户数据，仅用于测试开发，开发完成后请申请正式数据...)	31.217436	121.467285	30.0	酒吧	400.0	卢湾区皋兰路2号甲复兴公园内
84097	Cheersin(这是一条测试商户数据，仅用于测试开发，开发完成后请申请正式数据...)	31.211048	121.45885	40.0	酒吧	30.0	徐汇区永康路25号
84211	花样年华钢琴演艺会所(这是一条测试商户数据，仅用于测试开发，开发完成后请申请正式数据...)	31.19368	121.39106	30.0	酒吧	283.0	长宁区荣华西道59号古北健身中心4楼
86087	XTD Elevated(这是一条测试商户数据，仅用于测试开发，开发完成后请申请正式数据...)	31.22158	121.47406	40.0	酒吧	201.0	卢湾区马当路99号新天地朗廷酒店5楼
89983	酒悦国际酒廊(这是一条测试商户数据，仅用于测试开发，开发完成后请申请正式数据...)	31.207884	121.46934	35.0	酒吧	84.0	卢湾区泰康路248号田子坊43铺
90310	KARTEL(这是一条测试商户数据，仅用于测试开发，开发完成后请申请正式数据...)	31.220926	121.454315	40.0	酒吧	125.0	静安区襄阳北路1号5楼
91703	唯德居福(这是一条测试商户数据，仅用于测试开发，开发完成后请申请正式数据...)	31.289589	121.15905	35.0	酒吧	83.0	嘉定区新源路55弄4号
92215	Craft(这是一条测试商户数据，仅用于测试开发，开发完成后请申请正式数据...)	31.216003	121.45434	35.0	酒吧	115.0	徐汇区东湖路7号东湖宾馆2楼
92849	Haven Shanghai(这是一条测试商户数据，仅用于测试开发，开发完成后请申请正式数据...)	31.211363	121.5052	40.0	酒吧	361.0	黄浦区中山南路1029号幸福码头3号楼
93874	Top Space Cafe & Lounge(这是一条测试商户数据，仅用于测试开发，开发完成后请申请正式数据...)	31.21827	121.449554	35.0	酒吧	52.0	静安区巨鹿路889号18座
94164	Closless(这是一条测试商户数据，仅用于测试开发，开发完成后请申请正式数据...)	31.221378	121.45934	40.0	酒吧	80.0	卢湾区进贤路169号
95301	Snow Bar(这是一条测试商户数据，仅用于测试开发，开发完成后请申请正式数据...)	31.24374	121.50482	35.0	酒吧	70.0	浦东新区滨江大道富城路拾步街Käfer滨江壹号内
96201	Time Zipping House(这是一条测试商户数据，仅用于测试开发，开发完成后请申请正式数据...)	31.2242	121.435265	30.0	酒吧	94.0	静安区镇宁路525号新东纺大酒店1楼
96703	罗斯福色戒酒吧(这是一条测试商户数据，仅用于测试开发，开发完成后请申请正式数据...)	31.24051	121.48985	45.0	酒吧	163.0	黄浦区中山东一路27号罗斯福公馆9楼
97874	Rambler漫步者(这是一条测试商户数据，仅用于测试开发，开发完成后请申请正式数据...)	31.208364	121.46832	35.0	酒吧	56.0	卢湾区建国中路155弄38号（泰康路田子坊内）
97953	贝安纹俱乐部饮品店(这是一条测试商户数据，仅用于测试开发，开发完成后请申请正式数据...)	31.273087	121.47967	0.0	酒吧	35.0	虹口区东江湾路492号
98674	爵士码头(这是一条测试商户数据，仅用于测试开发，开发完成后请申请正式数据...)	31.249813	121.48524	35.0	酒吧	78.0	虹口区海宁路399号
98689	Arcade(这是一条测试商户数据，仅用于测试开发，开发完成后请申请正式数据...)	31.210474	121.44477	40.0	酒吧	110.0	徐汇区复兴西路57号2楼
98749	Dr Beer(这是一条测试商户数据，仅用于测试开发，开发完成后请申请正式数据...)	31.220642	121.45048	40.0	酒吧	119.0	静安区富民路83号
98795	Misael酒吧(这是一条测试商户数据，仅用于测试开发，开发完成后请申请正式数据...)	31.210136	121.440956	35.0	酒吧	66.0	徐汇区武康路103号
99136	W&W 淳丰洋酒(这是一条测试商户数据，仅用于测试开发，开发完成后请申请正式数据...)	31.231869	121.45973	35.0	酒吧	217.0	静安区北京西路779号
99347	Hollywood Shanghai(这是一条测试商户数据，仅用于测试开发，开发完成后请申请正式数据...)	31.207493	121.4519	40.0	酒吧	133.0	徐汇区岳阳路46号
100257	Helens Bar(这是一条测试商户数据，仅用于测试开发，开发完成后请申请正式数据...)	31.301308	121.494225	40.0	酒吧	51.0	杨浦区武川路49号2楼
100452	BAR Starry Night(这是一条测试商户数据，仅用于测试开发，开发完成后请申请正式数据...)	31.22878	121.5639	35.0	酒吧	70.0	浦东新区丁香路1396号
101426	北美精华酒庄(这是一条测试商户数据，仅用于测试开发，开发完成后请申请正式数据...)	31.233904	121.44321	35.0	酒吧	181.0	静安区常德路800号800秀园区A2-1楼
102461	Wood lounge(这是一条测试商户数据，仅用于测试开发，开发完成后请申请正式数据...)	31.218582	121.46617	35.0	酒吧	41.0	卢湾区思南路30号4楼
102636	S-liwa Bar(这是一条测试商户数据，仅用于测试开发，开发完成后请申请正式数据...)	31.23279	121.396	35.0	酒吧	64.0	普陀区大渡河路839号
102952	Sonik Fly(这是一条测试商户数据，仅用于测试开发，开发完成后请申请正式数据...)	31.20515	121.44709	35.0	酒吧	119.0	徐汇区衡山路191号
103908	DE REFTER比利时餐厅啤酒吧(这是一条测试商户数据，仅用于测试开发，开发完成后请申请正式数据...)	31.221329	121.45907	50.0	酒吧	105.0	卢湾区进贤路181号
103952	The Room(这是一条测试商户数据，仅用于测试开发，开发完成后请申请正式数据...)	31.22109	121.4542	30.0	酒吧	142.0	徐汇区襄阳北路1号2楼
104002	FOUNT BAR(这是一条测试商户数据，仅用于测试开发，开发完成后请申请正式数据...)	31.20598	121.45131	40.0	酒吧	100.0	徐汇区永嘉路570号永嘉庭5号楼1楼511号
104006	Papas Bierstube(这是一条测试商户数据，仅用于测试开发，开发完成后请申请正式数据...)	31.19078	121.38682	40.0	酒吧	112.0	闵行区3338弄虹梅休闲街22-24号（老外街）
104533	MOOK(这是一条测试商户数据，仅用于测试开发，开发完成后请申请正式数据...)	31.231213	121.4629	40.0	酒吧	669.0	静安区南京西路758号5楼
105463	派娜演艺酒吧(这是一条测试商户数据，仅用于测试开发，开发完成后请申请正式数据...)	31.176334	121.3712	0.0	酒吧	109.0	闵行区虹井路288号燎申虹桥国际中心南6楼
107642	梨泰园酒吧(这是一条测试商户数据，仅用于测试开发，开发完成后请申请正式数据...)	31.146168	121.317055	30.0	酒吧	74.0	松江区沪亭北路350弄贝尚湾商业街2楼
108561	Amber Lounge(这是一条测试商户数据，仅用于测试开发，开发完成后请申请正式数据...)	31.21708	121.4444	35.0	酒吧	121.0	静安区华山路370号3楼
108688	Waterpub(这是一条测试商户数据，仅用于测试开发，开发完成后请申请正式数据...)	31.041224	121.2561	30.0	酒吧	54.0	松江区文翔路58弄大学生体育馆内
108876	紫檀酒吧(这是一条测试商户数据，仅用于测试开发，开发完成后请申请正式数据...)	31.324154	121.45578	35.0	酒吧	29.0	闸北区岭南路1170-1172号
109301	补丁BAR(这是一条测试商户数据，仅用于测试开发，开发完成后请申请正式数据...)	31.27277	121.4113	35.0	酒吧	56.0	宝山区真华路950弄大华第一坊123号
109338	M55(这是一条测试商户数据，仅用于测试开发，开发完成后请申请正式数据...)	31.196505	121.39286	30.0	酒吧	68.0	长宁区水城南路55号六月汇广场106B单元
110083	乡村路(这是一条测试商户数据，仅用于测试开发，开发完成后请申请正式数据...)	31.21963	121.44622	35.0	酒吧	94.0	静安区华山路259号
110156	The Camel Sports Bar(这是一条测试商户数据，仅用于测试开发，开发完成后请申请正式数据...)	31.22277	121.51685	35.0	酒吧	100.0	浦东新区潍坊西路116号
110165	555酒吧(这是一条测试商户数据，仅用于测试开发，开发完成后请申请正式数据...)	31.20626	121.38725	30.0	酒吧	100.0	长宁区安龙路555号
111008	Ruby's Club(这是一条测试商户数据，仅用于测试开发，开发完成后请申请正式数据...)	31.235344	121.453186	30.0	酒吧	224.0	静安区江宁路428号静安体育中心2楼
112295	PAPAYA BAR(这是一条测试商户数据，仅用于测试开发，开发完成后请申请正式数据...)	31.219105	121.4513	45.0	酒吧	99.0	静安区富民路185号-2S室
112495	亚当酒吧(这是一条测试商户数据，仅用于测试开发，开发完成后请申请正式数据...)	31.2041	121.424	35.0	酒吧	70.0	长宁区新华路448-5号
112532	CLUB PLAYHOUSE(这是一条测试商户数据，仅用于测试开发，开发完成后请申请正式数据...)	31.20548	121.446815	35.0	酒吧	236.0	徐汇区衡山路10号欧登大厦乙一楼
112668	Le Vin(这是一条测试商户数据，仅用于测试开发，开发完成后请申请正式数据...)	31.215813	121.44584	50.0	酒吧	166.0	静安区长乐路936号
114190	Burdigala Bordeaux Wine Bar(这是一条测试商户数据，仅用于测试开发，开发完成后请申请正式数据...)	31.23343	121.44981	50.0	酒吧	139.0	静安区武定路550号
114199	Side Bar 鸡尾酒飞镖酒吧(这是一条测试商户数据，仅用于测试开发，开发完成后请申请正式数据...)	31.22129	121.46007	35.0	酒吧	107.0	卢湾区茂名南路56号56食尚谷内
114363	8898(这是一条测试商户数据，仅用于测试开发，开发完成后请申请正式数据...)	31.039122	121.21053	30.0	酒吧	257.0	松江区新松江路1296号
116554	MUST Grill(这是一条测试商户数据，仅用于测试开发，开发完成后请申请正式数据...)	31.23062	121.4447	40.0	酒吧	143.0	静安区武定路881号2号楼1楼
116763	UVA Wine Bar(这是一条测试商户数据，仅用于测试开发，开发完成后请申请正式数据...)	31.235487	121.44877	50.0	酒吧	109.0	静安区陕西北路819号
117530	MT酒吧(这是一条测试商户数据，仅用于测试开发，开发完成后请申请正式数据...)	31.210754	121.51808	30.0	酒吧	246.0	浦东新区浦建路15号
117926	简美酒吧(这是一条测试商户数据，仅用于测试开发，开发完成后请申请正式数据...)	31.23074	121.43624	35.0	酒吧	70.0	静安区康定路1124号
118124	NEO BAR(这是一条测试商户数据，仅用于测试开发，开发完成后请申请正式数据...)	31.296303	121.509125	40.0	酒吧	52.0	杨浦区国定路333号三号湾广场内
118844	GB据点(这是一条测试商户数据，仅用于测试开发，开发完成后请申请正式数据...)	31.329119	121.529915	30.0	酒吧	116.0	杨浦区闸殷路181弄
119001	Ellen's Cafe(这是一条测试商户数据，仅用于测试开发，开发完成后请申请正式数据...)	31.232092	121.40131	40.0	酒吧	51.0	普陀区怒江路366号2楼
119410	零听酒吧(这是一条测试商户数据，仅用于测试开发，开发完成后请申请正式数据...)	31.133482	121.40169	35.0	酒吧	42.0	闵行区古方路76号南方休闲广场5楼
125945	IBIZA CLUB(这是一条测试商户数据，仅用于测试开发，开发完成后请申请正式数据...)	31.235413	121.453156	35.0	酒吧	241.0	静安区江宁路428号静安体育中心1楼
126233	S1 Club(这是一条测试商户数据，仅用于测试开发，开发完成后请申请正式数据...)	31.207527	121.42417	35.0	酒吧	80.0	长宁区定西路738号3楼
126761	The Office Live Music Bar(这是一条测试商户数据，仅用于测试开发，开发完成后请申请正式数据...)	31.206917	121.46856	35.0	酒吧	61.0	卢湾区徐家汇路618号日月光中心广场1楼F09号铺
127419	Eddie's(这是一条测试商户数据，仅用于测试开发，开发完成后请申请正式数据...)	31.191383	121.40757	40.0	酒吧	126.0	长宁区古羊路479号
127580	Senator Saloon(这是一条测试商户数据，仅用于测试开发，开发完成后请申请正式数据...)	31.213104	121.44712	45.0	酒吧	107.0	徐汇区五原路98号
128377	Rainbow(这是一条测试商户数据，仅用于测试开发，开发完成后请申请正式数据...)	31.164448	121.33792	30.0	酒吧	57.0	闵行区沪星路289弄顺恒广场21号
129014	Muse on the bund(这是一条测试商户数据，仅用于测试开发，开发完成后请申请正式数据...)	31.24056	121.48792	45.0	酒吧	457.0	黄浦区北京东路99号益丰外滩源5楼
129936	LUNA BAR(这是一条测试商户数据，仅用于测试开发，开发完成后请申请正式数据...)	31.241867	121.35976	35.0	酒吧	50.0	嘉定区金沙江路2890弄21号
130377	The Moment Bar(这是一条测试商户数据，仅用于测试开发，开发完成后请申请正式数据...)	31.223934	121.44134	35.0	酒吧	55.0	静安区乌鲁木齐北路115号
130388	The Cape(这是一条测试商户数据，仅用于测试开发，开发完成后请申请正式数据...)	31.239996	121.447136	40.0	酒吧	38.0	静安区江宁路861号102室
131135	上海衡山路十二号酒店Lobby Lounge灵动吧(这是一条测试商户数据，仅用于测试开发，开发完成后请申请正式数据...)	31.20503	121.44643	30.0	酒吧	155.0	徐汇区衡山路12号豪华精选酒店1楼
131345	Sky100(这是一条测试商户数据，仅用于测试开发，开发完成后请申请正式数据...)	31.178644	121.37289	35.0	酒吧	47.0	闵行区金汇路463弄金石广场28号D栋2楼
131510	Ms Chen's Restaurant & Bar(这是一条测试商户数据，仅用于测试开发，开发完成后请申请正式数据...)	31.139885	121.1246	30.0	酒吧	90.0	青浦区外青松公路6666弄16号
132451	Tai wine(这是一条测试商户数据，仅用于测试开发，开发完成后请申请正式数据...)	31.207897	121.46901	40.0	酒吧	111.0	卢湾区泰康路248弄田子坊38号
133010	Mirror of Heaven(这是一条测试商户数据，仅用于测试开发，开发完成后请申请正式数据...)	31.212145	121.38853	0.0	酒吧	123.0	长宁区新渔东路295-2号
133350	Maya Club(这是一条测试商户数据，仅用于测试开发，开发完成后请申请正式数据...)	31.211958	121.44945	35.0	酒吧	463.0	徐汇区淮海中路1329号云海大厦3楼
138667	I Am Here(这是一条测试商户数据，仅用于测试开发，开发完成后请申请正式数据...)	30.926476	121.4708	35.0	酒吧	52.0	奉贤区奉贤运河北路96号
138970	Vino Tapas(这是一条测试商户数据，仅用于测试开发，开发完成后请申请正式数据...)	31.218088	121.45196	45.0	酒吧	99.0	静安区富民路259号
139171	Jason's Bar(这是一条测试商户数据，仅用于测试开发，开发完成后请申请正式数据...)	31.221039	121.46991	35.0	酒吧	76.0	卢湾区雁荡路6号
139349	Sorella Bar(这是一条测试商户数据，仅用于测试开发，开发完成后请申请正式数据...)	31.191158	121.408806	35.0	酒吧	247.0	长宁区古羊路489号
139359	390 Shanghai(这是一条测试商户数据，仅用于测试开发，开发完成后请申请正式数据...)	31.204132	121.42962	35.0	酒吧	63.0	长宁区番禺路390号
139452	Malabar 西班牙餐厅(这是一条测试商户数据，仅用于测试开发，开发完成后请申请正式数据...)	31.229748	121.44222	45.0	酒吧	119.0	静安区武定路1081号
140117	Shanghai Sliders(这是一条测试商户数据，仅用于测试开发，开发完成后请申请正式数据...)	31.21106	121.45848	40.0	酒吧	78.0	徐汇区永康路45号
140907	OhBar偶吧音乐餐厅(这是一条测试商户数据，仅用于测试开发，开发完成后请申请正式数据...)	31.237146	121.47468	40.0	酒吧	102.0	黄浦区六合路158号1楼
140935	On Stage(这是一条测试商户数据，仅用于测试开发，开发完成后请申请正式数据...)	31.1996	121.42398	35.0	酒吧	89.0	长宁区淮海西路570号红坊艺术文化社区A2
141428	CAS BAR(这是一条测试商户数据，仅用于测试开发，开发完成后请申请正式数据...)	31.229715	121.442116	45.0	酒吧	117.0	静安区武定路1089号
144035	G+音乐酒吧(这是一条测试商户数据，仅用于测试开发，开发完成后请申请正式数据...)	31.04753	121.21153	0.0	酒吧	52.0	松江区龙腾路58弄30号
145562	Y-in Lounge(这是一条测试商户数据，仅用于测试开发，开发完成后请申请正式数据...)	31.22564	121.46572	40.0	酒吧	110.0	静安区大沽路392号
150664	Wine Connection Bar&Bistro(这是一条测试商户数据，仅用于测试开发，开发完成后请申请正式数据...)	31.22237	121.44056	45.0	酒吧	111.0	静安区愚园路439号
150735	MOJITO HEAVEN(这是一条测试商户数据，仅用于测试开发，开发完成后请申请正式数据...)	31.21364	121.435	40.0	酒吧	89.0	徐汇区昭化东路130号
151522	CIGAR JAZZ WINE(这是一条测试商户数据，仅用于测试开发，开发完成后请申请正式数据...)	31.22037	121.47497	35.0	酒吧	123.0	卢湾区太仓路181弄新天地北里
151788	TERROIR(这是一条测试商户数据，仅用于测试开发，开发完成后请申请正式数据...)	31.231092	121.44544	30.0	酒吧	121.0	静安区武定路
152226	Space Cafe&Bar(这是一条测试商户数据，仅用于测试开发，开发完成后请申请正式数据...)	31.204617	121.41818	30.0	酒吧	75.0	长宁区凯旋路1140号2楼
153219	C'est Zhazha巧克力小酒馆(这是一条测试商户数据，仅用于测试开发，开发完成后请申请正式数据...)	31.228065	121.52458	45.0	酒吧	70.0	浦东新区东方路796号96广场1楼9号门
153432	CD1酒吧(这是一条测试商户数据，仅用于测试开发，开发完成后请申请正式数据...)	31.235344	121.453186	30.0	酒吧	208.0	静安区江宁路428号静安体育中心2楼
153698	V1 Club(这是一条测试商户数据，仅用于测试开发，开发完成后请申请正式数据...)	31.217905	121.50705	30.0	酒吧	485.0	黄浦区外马路601号
154098	LOTUS RED(这是一条测试商户数据，仅用于测试开发，开发完成后请申请正式数据...)	31.23078	121.49393	40.0	酒吧	187.0	黄浦区中山东二路外滩22号5楼
154270	The Retreat Cafe & Bar(这是一条测试商户数据，仅用于测试开发，开发完成后请申请正式数据...)	31.199598	121.447426	30.0	酒吧	35.0	徐汇区高安路101号
154318	元YUAN(这是一条测试商户数据，仅用于测试开发，开发完成后请申请正式数据...)	31.220636	121.45438	45.0	酒吧	124.0	静安区襄阳北路17-2号
154547	MT 1839(这是一条测试商户数据，仅用于测试开发，开发完成后请申请正式数据...)	31.13536	121.36169	35.0	酒吧	100.0	闵行区七莘路1839号财富108广场5楼
155669	Kens Bar(这是一条测试商户数据，仅用于测试开发，开发完成后请申请正式数据...)	31.202297	121.40797	40.0	酒吧	141.0	长宁区延安西路2088号嘉顿广场A-129
156287	梵爵酒庄红酒桌球会所(这是一条测试商户数据，仅用于测试开发，开发完成后请申请正式数据...)	31.315245	121.48431	0.0	酒吧	94.0	杨浦区逸仙路1258弄11号
156505	Lab whisky&cocktail(这是一条测试商户数据，仅用于测试开发，开发完成后请申请正式数据...)	31.229685	121.44207	50.0	酒吧	116.0	静安区武定路1093号
157311	Bingo Lounge Bar(这是一条测试商户数据，仅用于测试开发，开发完成后请申请正式数据...)	31.19577	121.3988	35.0	酒吧	108.0	长宁区黄金城道728号
157379	玛雅微电影俱乐部(这是一条测试商户数据，仅用于测试开发，开发完成后请申请正式数据...)	31.211958	121.44945	35.0	酒吧	462.0	卢湾区淮海中路1732号云海大厦3楼
157679	Arkham俱乐部(这是一条测试商户数据，仅用于测试开发，开发完成后请申请正式数据...)	31.207659	121.448235	35.0	酒吧	93.0	徐汇区乌鲁木齐南路1号
158120	JZ Latino(这是一条测试商户数据，仅用于测试开发，开发完成后请申请正式数据...)	31.227547	121.48801	40.0	酒吧	91.0	黄浦区河南南路159号豫园万丽大酒店22楼(近福佑路)
158528	THE SHED(这是一条测试商户数据，仅用于测试开发，开发完成后请申请正式数据...)	31.234505	121.45017	40.0	酒吧	84.0	静安区陕西北路698号
158872	Revolution Cocktail(这是一条测试商户数据，仅用于测试开发，开发完成后请申请正式数据...)	31.211065	121.45831	30.0	酒吧	52.0	徐汇区永康路58号
159091	Knight Club(这是一条测试商户数据，仅用于测试开发，开发完成后请申请正式数据...)	31.232347	121.43871	0.0	酒吧	77.0	静安区延平路344-348号
159621	堂绘酒吧(这是一条测试商户数据，仅用于测试开发，开发完成后请申请正式数据...)	31.384737	121.25234	30.0	酒吧	66.0	嘉定区东下塘街51号
160164	Bar XYZ(这是一条测试商户数据，仅用于测试开发，开发完成后请申请正式数据...)	31.22568	121.46609	35.0	酒吧	84.0	静安区大沽路384号
160542	Project Wine(这是一条测试商户数据，仅用于测试开发，开发完成后请申请正式数据...)	31.22	121.45477	40.0	酒吧	114.0	静安区襄阳北路17号
160942	Shanghai Rose Bar(这是一条测试商户数据，仅用于测试开发，开发完成后请申请正式数据...)	31.243374	121.48869	40.0	酒吧	99.0	黄浦区南苏州路76号
161676	POKERNUTS(这是一条测试商户数据，仅用于测试开发，开发完成后请申请正式数据...)	31.181814	121.396805	45.0	酒吧	176.0	闵行区吴中路682号金虹桥广场C座103室
162737	RAT TAR ART BAR(这是一条测试商户数据，仅用于测试开发，开发完成后请申请正式数据...)	31.222984	121.44706	40.0	酒吧	57.0	静安区南京西路1601号芮欧百货109室
163102	Iris Bar(这是一条测试商户数据，仅用于测试开发，开发完成后请申请正式数据...)	31.225164	121.43628	30.0	酒吧	73.0	静安区万航渡路449号
163399	Friends酒吧(这是一条测试商户数据，仅用于测试开发，开发完成后请申请正式数据...)	31.208702	121.46768	40.0	酒吧	53.0	卢湾区田子坊155弄25号
163440	汇吧(这是一条测试商户数据，仅用于测试开发，开发完成后请申请正式数据...)	31.243624	121.50728	35.0	酒吧	121.0	浦东新区浦东南路111号文华东方酒店内
163618	Chair Club(这是一条测试商户数据，仅用于测试开发，开发完成后请申请正式数据...)	31.162298	121.51352	35.0	酒吧	72.0	浦东新区东明路1778号
163777	In cafe cocktail(这是一条测试商户数据，仅用于测试开发，开发完成后请申请正式数据...)	31.217937	121.45556	35.0	酒吧	49.0	卢湾区襄阳北路131弄4号
164431	菲比酒吧(这是一条测试商户数据，仅用于测试开发，开发完成后请申请正式数据...)	31.041782	121.2113	30.0	酒吧	230.0	松江区新松江路1292号东明娱乐广场内
166266	单麦角(这是一条测试商户数据，仅用于测试开发，开发完成后请申请正式数据...)	31.211174	121.42887	35.0	酒吧	70.0	长宁区延安西路1155号绿地豪生酒店1楼
166521	Z9(这是一条测试商户数据，仅用于测试开发，开发完成后请申请正式数据...)	31.21733	121.39901	0.0	酒吧	150.0	长宁区古北路9号
168618	Magpie Cocktail Bar(这是一条测试商户数据，仅用于测试开发，开发完成后请申请正式数据...)	31.20982	121.45536	35.0	酒吧	52.0	徐汇区永康路189号
168633	U CORNER BAR(这是一条测试商户数据，仅用于测试开发，开发完成后请申请正式数据...)	31.244959	121.49083	30.0	酒吧	49.0	虹口区大名路62号
169351	华庭咖酒吧(这是一条测试商户数据，仅用于测试开发，开发完成后请申请正式数据...)	31.178448	121.43309	0.0	酒吧	38.0	徐汇区华石路52号
170701	MIST Bar(这是一条测试商户数据，仅用于测试开发，开发完成后请申请正式数据...)	31.20773	121.41878	0.0	酒吧	47.0	长宁区法华镇路901号
170814	斑马道艺术酒吧(这是一条测试商户数据，仅用于测试开发，开发完成后请申请正式数据...)	31.02203	121.648026	35.0	酒吧	51.0	浦东新区新场镇新场大街375-379号
171947	Bar Fly(这是一条测试商户数据，仅用于测试开发，开发完成后请申请正式数据...)	31.220798	121.45775	35.0	酒吧	76.0	卢湾区陕西南路35号6楼
172176	i Darts Club 飞镖酒吧(这是一条测试商户数据，仅用于测试开发，开发完成后请申请正式数据...)	31.2051	121.44707	40.0	酒吧	159.0	徐汇区衡山路191号一楼
173133	Mesh红酒吧(这是一条测试商户数据，仅用于测试开发，开发完成后请申请正式数据...)	31.13515	121.58213	0.0	酒吧	76.0	浦东新区秀沿路1166弄19号
173459	The Public(这是一条测试商户数据，仅用于测试开发，开发完成后请申请正式数据...)	31.21313	121.45707	45.0	酒吧	181.0	徐汇区襄阳南路174号2楼
174148	时代菲芘酒吧(这是一条测试商户数据，仅用于测试开发，开发完成后请申请正式数据...)	31.368279	121.25781	0.0	酒吧	109.0	嘉定区沪宜公路3101号
174284	Mojo's (Oyster House)(这是一条测试商户数据，仅用于测试开发，开发完成后请申请正式数据...)	31.222164	121.440254	40.0	酒吧	240.0	静安区愚园路441号
175093	Neigo(这是一条测试商户数据，仅用于测试开发，开发完成后请申请正式数据...)	31.203384	121.44597	30.0	酒吧	215.0	徐汇区永嘉路701号
175165	Ayana制服酒吧(这是一条测试商户数据，仅用于测试开发，开发完成后请申请正式数据...)	31.19175	121.40651	40.0	酒吧	258.0	长宁区古羊路300号-17
175366	Bar BANA(这是一条测试商户数据，仅用于测试开发，开发完成后请申请正式数据...)	31.225723	121.46624	30.0	酒吧	64.0	静安区大沽路380号
176474	FLY DREAM女仆咖啡屋(这是一条测试商户数据，仅用于测试开发，开发完成后请申请正式数据...)	31.198776	121.49314	0.0	酒吧	77.0	黄浦区半淞圆路631号
177006	C-CLUB特色鸡尾酒(这是一条测试商户数据，仅用于测试开发，开发完成后请申请正式数据...)	31.32233	121.44424	40.0	酒吧	20.0	宝山区共和新路5000弄绿地新都会广场仓酷6号601
177201	Avenue Joffre Bar(这是一条测试商户数据，仅用于测试开发，开发完成后请申请正式数据...)	31.20596	121.45131	40.0	酒吧	129.0	徐汇区永嘉路570号永嘉庭5号楼1楼
177298	Bistro Rusticana(这是一条测试商户数据，仅用于测试开发，开发完成后请申请正式数据...)	31.207859	121.45554	0.0	酒吧	100.0	徐汇区永嘉路398号
177611	Spoon  Cozy Dining & Bar(这是一条测试商户数据，仅用于测试开发，开发完成后请申请正式数据...)	31.22486	121.443	30.0	酒吧	155.0	静安区北京西路1780号
177999	锐壹堂清酒寒舍(这是一条测试商户数据，仅用于测试开发，开发完成后请申请正式数据...)	31.2107	121.44368	35.0	酒吧	101.0	徐汇区复兴西路76号
178002	静安香格里拉大堂酒廊(这是一条测试商户数据，仅用于测试开发，开发完成后请申请正式数据...)	31.22354	121.45104	35.0	酒吧	145.0	静安区延安中路1218号
178276	原庐红酒吧(这是一条测试商户数据，仅用于测试开发，开发完成后请申请正式数据...)	31.21859	121.46608	35.0	酒吧	92.0	卢湾区思南路30号4楼
178399	Sugary咖啡厅酒吧(这是一条测试商户数据，仅用于测试开发，开发完成后请申请正式数据...)	31.207808	121.47819	40.0	酒吧	54.0	卢湾区蒙自东路29号地下115-118室
178774	Wine+ 酒沃(这是一条测试商户数据，仅用于测试开发，开发完成后请申请正式数据...)	31.208536	121.44797	35.0	酒吧	132.0	徐汇区乌鲁木齐南路甲1号2楼
178931	Tops(这是一条测试商户数据，仅用于测试开发，开发完成后请申请正式数据...)	31.249699	121.5074	45.0	酒吧	187.0	虹口区海平路19号外滩悦榕庄顶楼露台（近公平路）
179088	扎啤工厂 Tap House(这是一条测试商户数据，仅用于测试开发，开发完成后请申请正式数据...)	31.210726	121.457375	35.0	酒吧	82.0	徐汇区永康路74号
179561	Connoisseur(这是一条测试商户数据，仅用于测试开发，开发完成后请申请正式数据...)	31.20771	121.4482	40.0	酒吧	115.0	徐汇区乌鲁木齐南路1号
180290	The 5 point(这是一条测试商户数据，仅用于测试开发，开发完成后请申请正式数据...)	31.220284	121.41614	35.0	酒吧	65.0	长宁区凯旋路166号凯旋坊2号楼2楼A座
180840	Gold Wheel Restaurant&wine(这是一条测试商户数据，仅用于测试开发，开发完成后请申请正式数据...)	31.22117	121.46011	50.0	酒吧	166.0	卢湾区茂名南路56号-2
180978	MYST Club(这是一条测试商户数据，仅用于测试开发，开发完成后请申请正式数据...)	31.22089	121.44778	40.0	酒吧	573.0	静安区延安中路1123号
181070	尚上潮流夜店(这是一条测试商户数据，仅用于测试开发，开发完成后请申请正式数据...)	31.249142	121.36451	0.0	酒吧	234.0	嘉定区丰庄路515号102-103
181318	TheTurn转转酒吧(这是一条测试商户数据，仅用于测试开发，开发完成后请申请正式数据...)	31.230919	121.489075	35.0	酒吧	97.0	黄浦区金陵东路68号
182545	V-Gear(这是一条测试商户数据，仅用于测试开发，开发完成后请申请正式数据...)	31.23844	121.48958	35.0	酒吧	155.0	卢湾区顺昌路2号
182584	玖合女仆(这是一条测试商户数据，仅用于测试开发，开发完成后请申请正式数据...)	31.21994	121.40651	30.0	酒吧	230.0	长宁区万航渡路2453号
182683	Walkers(这是一条测试商户数据，仅用于测试开发，开发完成后请申请正式数据...)	31.20758	121.4685	35.0	酒吧	64.0	卢湾区泰康路248弄12号
182994	CYK 主题简吧(这是一条测试商户数据，仅用于测试开发，开发完成后请申请正式数据...)	31.21736	121.50719	30.0	酒吧	67.0	黄浦区外马路601号3号库113A
185281	wesTside(这是一条测试商户数据，仅用于测试开发，开发完成后请申请正式数据...)	31.303692	121.50839	35.0	酒吧	107.0	杨浦区大学路246号
186541	Luna's Cafe(这是一条测试商户数据，仅用于测试开发，开发完成后请申请正式数据...)	31.314941	121.38709	30.0	酒吧	40.0	宝山区聚丰园路68号
186575	GT制服演艺酒吧(这是一条测试商户数据，仅用于测试开发，开发完成后请申请正式数据...)	31.177189	121.5297	30.0	酒吧	125.0	浦东新区成山路1708号
186720	RT JAZZ BAR(这是一条测试商户数据，仅用于测试开发，开发完成后请申请正式数据...)	31.20686	121.38613	35.0	酒吧	116.0	长宁区仙霞路691号2楼
187388	Drunk Uncle(这是一条测试商户数据，仅用于测试开发，开发完成后请申请正式数据...)	31.23439	121.45501	45.0	酒吧	106.0	静安区昌化路46号
187445	THE  BOULEVARD(这是一条测试商户数据，仅用于测试开发，开发完成后请申请正式数据...)	31.21139	121.44974	45.0	酒吧	158.0	徐汇区宝庆路10号7楼
188951	Mr Shaker(这是一条测试商户数据，仅用于测试开发，开发完成后请申请正式数据...)	31.21629	121.47342	35.0	酒吧	51.0	黄浦区淡水路229弄1号
188955	Color2(这是一条测试商户数据，仅用于测试开发，开发完成后请申请正式数据...)	31.19202	121.38967	0.0	酒吧	170.0	闵行区虹许路809号
189013	上海世博洲际酒店行政酒廊(这是一条测试商户数据，仅用于测试开发，开发完成后请申请正式数据...)	31.198376	121.50501	35.0	酒吧	920.0	卢湾区上海市浦东新区雪野路1188号上海世博洲际酒店
189587	BLingBLing女仆吧(这是一条测试商户数据，仅用于测试开发，开发完成后请申请正式数据...)	31.21801	121.40124	40.0	酒吧	232.0	长宁区长宁路2035号
190648	O-Gossip(这是一条测试商户数据，仅用于测试开发，开发完成后请申请正式数据...)	31.20448	121.44499	30.0	酒吧	92.0	徐汇区高安路18弄6号
190733	Red Corner红角(这是一条测试商户数据，仅用于测试开发，开发完成后请申请正式数据...)	31.22602	121.46729	30.0	酒吧	101.0	静安区成都北路117号
190786	Angels Kiss Club(这是一条测试商户数据，仅用于测试开发，开发完成后请申请正式数据...)	31.20264	121.44516	35.0	酒吧	129.0	徐汇区衡山路307号
191291	The Vint Cocktail & Whisky Lounge(这是一条测试商户数据，仅用于测试开发，开发完成后请申请正式数据...)	31.22557	121.46628	35.0	酒吧	85.0	静安区静安区大沽路380号
191418	House(这是一条测试商户数据，仅用于测试开发，开发完成后请申请正式数据...)	31.304193	121.510925	40.0	酒吧	60.0	杨浦区锦嘉路50号
191736	列宁格勒酒吧会所(这是一条测试商户数据，仅用于测试开发，开发完成后请申请正式数据...)	31.24037	121.48246	35.0	酒吧	83.0	黄浦区北京东路398号新协通国际大酒店2楼
191879	CIRQUE LE SOIR(这是一条测试商户数据，仅用于测试开发，开发完成后请申请正式数据...)	31.23089	121.49405	40.0	酒吧	459.0	黄浦区中山东二路外滩22号4楼
192126	Barolo wine house(这是一条测试商户数据，仅用于测试开发，开发完成后请申请正式数据...)	31.21114	121.43667	45.0	酒吧	201.0	徐汇区华山路905弄（汇益花园）2号
192508	Le Rouge(这是一条测试商户数据，仅用于测试开发，开发完成后请申请正式数据...)	31.208433	121.45206	30.0	酒吧	120.0	徐汇区岳阳路1号
192616	Ronchamp(这是一条测试商户数据，仅用于测试开发，开发完成后请申请正式数据...)	31.210789	121.45812	40.0	酒吧	66.0	徐汇区永康路73-75号
193467	LOTUS Lounge(这是一条测试商户数据，仅用于测试开发，开发完成后请申请正式数据...)	31.21637	121.50766	35.0	酒吧	234.0	黄浦区外马路667号
206607	Change Bar(这是一条测试商户数据，仅用于测试开发，开发完成后请申请正式数据...)	31.04957	121.20576	30.0	酒吧	50.0	松江区文汇路716号樱花广场后身
208350	Tattoo Family&Bar(这是一条测试商户数据，仅用于测试开发，开发完成后请申请正式数据...)	31.21135	121.45748	0.0	酒吧	68.0	徐汇区襄阳南路260号
208510	The Wolfpack(这是一条测试商户数据，仅用于测试开发，开发完成后请申请正式数据...)	31.23092	121.48359	50.0	酒吧	54.0	黄浦区福建南路1号
212834	Yani Lounge Bar(这是一条测试商户数据，仅用于测试开发，开发完成后请申请正式数据...)	31.217722	121.44809	45.0	酒吧	74.0	静安区常熟路83号2楼
213203	德国乡村酒吧(这是一条测试商户数据，仅用于测试开发，开发完成后请申请正式数据...)	31.191439	121.38794	40.0	酒吧	153.0	闵行区虹梅路3338弄老外街
213284	12号(这是一条测试商户数据，仅用于测试开发，开发完成后请申请正式数据...)	31.24278	121.44283	30.0	酒吧	100.0	普陀区陕西北路1392弄
214347	BAR MINI(这是一条测试商户数据，仅用于测试开发，开发完成后请申请正式数据...)	31.216904	121.47316	40.0	酒吧	64.0	卢湾区淡水路248号
214641	ANATOLIA(这是一条测试商户数据，仅用于测试开发，开发完成后请申请正式数据...)	31.21765	121.47309	40.0	酒吧	61.0	卢湾区淡水路200号
222061	弘基广场998酒吧(这是一条测试商户数据，仅用于测试开发，开发完成后请申请正式数据...)	31.055437	121.76534	30.0	酒吧	57.0	浦东新区文益街85号
222078	The Vista Bar(这是一条测试商户数据，仅用于测试开发，开发完成后请申请正式数据...)	31.211445	121.51534	30.0	酒吧	77.0	浦东新区塘桥新路175号1楼A室
222113	Epic(这是一条测试商户数据，仅用于测试开发，开发完成后请申请正式数据...)	31.210236	121.43869	40.0	酒吧	94.0	徐汇区高邮路17号
222799	Mr Pitt Cocktail(这是一条测试商户数据，仅用于测试开发，开发完成后请申请正式数据...)	31.233393	121.451935	50.0	酒吧	111.0	静安区陕西北路600-10号
239368	German Corner Bar Bistro(这是一条测试商户数据，仅用于测试开发，开发完成后请申请正式数据...)	31.16878	121.373276	0.0	酒吧	53.0	闵行区虹泉路1101弄38号
255470	7号公路酒窖(这是一条测试商户数据，仅用于测试开发，开发完成后请申请正式数据...)	31.105318	121.41152	35.0	酒吧	114.0	闵行区兴梅路1217号
257316	爵士码头小酒馆(这是一条测试商户数据，仅用于测试开发，开发完成后请申请正式数据...)	31.295044	121.16243	30.0	酒吧	285.0	嘉定区安亭新镇安礼路258弄71号102室
257938	干杯(这是一条测试商户数据，仅用于测试开发，开发完成后请申请正式数据...)	31.301023	121.5009	30.0	酒吧	55.0	杨浦区武东路19号
270385	托斯卡纳意大利餐厅酒吧(这是一条测试商户数据，仅用于测试开发，开发完成后请申请正式数据...)	31.025858	121.64641	35.0	酒吧	42.0	浦东新区新场镇新场大街418号
271597	格兰尼女仆吧(这是一条测试商户数据，仅用于测试开发，开发完成后请申请正式数据...)	31.141727	121.39703	0.0	酒吧	440.0	闵行区顾戴路633号
272083	RiverSouth南方(这是一条测试商户数据，仅用于测试开发，开发完成后请申请正式数据...)	31.113483	121.049736	35.0	酒吧	47.0	青浦区朱家角镇课植园路西镇大拇指广场599弄18号106
272215	CA CLUB(这是一条测试商户数据，仅用于测试开发，开发完成后请申请正式数据...)	31.220745	121.47485	35.0	酒吧	196.0	黄浦区太仓路181弄15号
272752	The 7th Floor(这是一条测试商户数据，仅用于测试开发，开发完成后请申请正式数据...)	31.225708	121.47967	40.0	酒吧	525.0	卢湾区淮海中路8号7楼
273683	Enight.C.Bar(这是一条测试商户数据，仅用于测试开发，开发完成后请申请正式数据...)	31.213938	121.47215	45.0	酒吧	69.0	黄浦区合肥路588号
273973	角廊吧(这是一条测试商户数据，仅用于测试开发，开发完成后请申请正式数据...)	31.304699	121.51171	40.0	酒吧	68.0	杨浦区大学路55号
301238	La Cava(这是一条测试商户数据，仅用于测试开发，开发完成后请申请正式数据...)	31.209585	121.45894	30.0	酒吧	77.0	徐汇区永嘉路216号
302069	Limbo(这是一条测试商户数据，仅用于测试开发，开发完成后请申请正式数据...)	31.208923	121.42363	35.0	酒吧	126.0	长宁区延安西路1394号
303356	缪窝Miu(这是一条测试商户数据，仅用于测试开发，开发完成后请申请正式数据...)	31.221771	121.45952	0.0	酒吧	60.0	卢湾区进贤路148弄1号
303706	Linx CLUB(这是一条测试商户数据，仅用于测试开发，开发完成后请申请正式数据...)	31.225315	121.478905	35.0	酒吧	988.0	卢湾区淮海中路98号金钟广场1,2,3F
304941	Maia西餐酒吧(这是一条测试商户数据，仅用于测试开发，开发完成后请申请正式数据...)	31.276068	121.48408	35.0	酒吧	51.0	虹口区东体育会路318号
305035	SEVEN PUB(这是一条测试商户数据，仅用于测试开发，开发完成后请申请正式数据...)	31.245665	121.37823	35.0	酒吧	67.0	普陀区梅川路
315183	上海新天地安达仕酒店炫吧(这是一条测试商户数据，仅用于测试开发，开发完成后请申请正式数据...)	31.22232	121.47572	40.0	酒吧	118.0	卢湾区嵩山路88号 上海新天地安达仕酒店1楼
316202	Jenny Bar(这是一条测试商户数据，仅用于测试开发，开发完成后请申请正式数据...)	31.212881	121.37055	0.0	酒吧	43.0	长宁区泉口路104号
316230	O Theatre(这是一条测试商户数据，仅用于测试开发，开发完成后请申请正式数据...)	31.220987	121.46042	40.0	酒吧	131.0	卢湾区茂名南路57号2楼
317042	唐妃主题酒吧(这是一条测试商户数据，仅用于测试开发，开发完成后请申请正式数据...)	31.21604	121.45447	40.0	酒吧	135.0	徐汇区东湖路7号左边胡同直走左转一楼
320582	SinguLarity(这是一条测试商户数据，仅用于测试开发，开发完成后请申请正式数据...)	31.20843	121.4679	35.0	酒吧	83.0	卢湾区建国中路171号117室
320679	凌睿卡丁车俱乐部(这是一条测试商户数据，仅用于测试开发，开发完成后请申请正式数据...)	31.2033	121.50938	35.0	酒吧	120.0	浦东新区世博大道138号凌睿试驾体验中心院内
321044	Room23(这是一条测试商户数据，仅用于测试开发，开发完成后请申请正式数据...)	31.221682	121.463455	35.0	酒吧	97.0	静安区瑞金一路121弄23号
321840	K FAMILY(这是一条测试商户数据，仅用于测试开发，开发完成后请申请正式数据...)	31.322275	121.44479	0.0	酒吧	44.0	宝山区共和新路5000弄绿地新都会1号楼4楼
323782	爵夜红酒吧(这是一条测试商户数据，仅用于测试开发，开发完成后请申请正式数据...)	31.224707	121.56682	40.0	酒吧	93.0	浦东新区柳杉路29号
331432	凯瑞西餐厅酒吧Carrie’s Bar(这是一条测试商户数据，仅用于测试开发，开发完成后请申请正式数据...)	31.290277	121.15931	30.0	酒吧	90.0	嘉定区新源路100号
331591	Monkey CockTail(这是一条测试商户数据，仅用于测试开发，开发完成后请申请正式数据...)	31.308102	121.447586	30.0	酒吧	22.0	闸北区闻喜路940号芒不颠甜品店内
335560	Something(这是一条测试商户数据，仅用于测试开发，开发完成后请申请正式数据...)	30.916054	121.491974	30.0	酒吧	46.0	奉贤区奉贤区望园南路1588弄29号3楼邮政储蓄银行楼上3楼
335857	Cosmopolitan大都会(这是一条测试商户数据，仅用于测试开发，开发完成后请申请正式数据...)	31.231983	121.401375	35.0	酒吧	31.0	普陀区金沙江路433号
336389	SAGA Bar(这是一条测试商户数据，仅用于测试开发，开发完成后请申请正式数据...)	31.252827	121.50973	35.0	酒吧	60.0	虹口区霍山路55号
337625	禅LoungeBar(这是一条测试商户数据，仅用于测试开发，开发完成后请申请正式数据...)	31.207968	121.41859	35.0	酒吧	46.0	长宁区法华镇路909号
338510	Chelsea & Co(这是一条测试商户数据，仅用于测试开发，开发完成后请申请正式数据...)	31.208456	121.45206	35.0	酒吧	168.0	徐汇区岳阳路1号
339818	外滩351(这是一条测试商户数据，仅用于测试开发，开发完成后请申请正式数据...)	31.228586	121.4948	0.0	酒吧	69.0	徐汇区人民路351号
340379	Follow559Bar(这是一条测试商户数据，仅用于测试开发，开发完成后请申请正式数据...)	31.21525	121.46694	30.0	酒吧	73.0	卢湾区复兴中路559号
341193	C Food Oyster&Seafood Bar(这是一条测试商户数据，仅用于测试开发，开发完成后请申请正式数据...)	31.20867	121.467094	30.0	酒吧	341.0	卢湾区建国中路169弄泰康庭1楼
341437	Neighbors(这是一条测试商户数据，仅用于测试开发，开发完成后请申请正式数据...)	31.25979	121.49994	40.0	酒吧	84.0	虹口区公平路761号C区
343148	Bit Bar(这是一条测试商户数据，仅用于测试开发，开发完成后请申请正式数据...)	31.255064	121.48926	0.0	酒吧	75.0	虹口区哈尔滨路133号
343266	Roy红酒馆(这是一条测试商户数据，仅用于测试开发，开发完成后请申请正式数据...)	31.206226	121.4442	0.0	酒吧	117.0	徐汇区高安路3号
343385	La Bamba(这是一条测试商户数据，仅用于测试开发，开发完成后请申请正式数据...)	31.296473	121.50935	35.0	酒吧	39.0	杨浦区国定路333号三号湾广场2楼
343424	Starling(这是一条测试商户数据，仅用于测试开发，开发完成后请申请正式数据...)	31.22885	121.46008	30.0	酒吧	85.0	静安区泰兴路89号
343668	EsTrella(这是一条测试商户数据，仅用于测试开发，开发完成后请申请正式数据...)	31.216581	121.47316	30.0	酒吧	81.0	卢湾区淡水路230号
344633	奥赢德州扑克主题酒吧(这是一条测试商户数据，仅用于测试开发，开发完成后请申请正式数据...)	31.196615	121.413506	0.0	酒吧	160.0	长宁区虹桥路1021号九华尚都2楼
344872	苏豪酒吧(这是一条测试商户数据，仅用于测试开发，开发完成后请申请正式数据...)	31.35656	121.41903	0.0	酒吧	47.0	宝山区水产西路652号
346614	Lost in Shanghai弥上(这是一条测试商户数据，仅用于测试开发，开发完成后请申请正式数据...)	31.2254	121.46477	30.0	酒吧	84.0	静安区大沽路388号
347482	Puff Cigar Bar(这是一条测试商户数据，仅用于测试开发，开发完成后请申请正式数据...)	31.20609	121.4613	0.0	酒吧	309.0	徐汇区建国西路221号
347877	Speak Low(这是一条测试商户数据，仅用于测试开发，开发完成后请申请正式数据...)	31.214817	121.465904	35.0	酒吧	190.0	徐汇区复兴中路579号
348293	H8烧烤餐厅酒吧(这是一条测试商户数据，仅用于测试开发，开发完成后请申请正式数据...)	31.21169	121.62798	0.0	酒吧	44.0	浦东新区祖冲之路2305号天之骄子广场207-209
348779	July bar & restaurant(这是一条测试商户数据，仅用于测试开发，开发完成后请申请正式数据...)	31.2172	121.47448	35.0	酒吧	46.0	卢湾区马当路328弄1号
350576	Logan's PUNCH(这是一条测试商户数据，仅用于测试开发，开发完成后请申请正式数据...)	31.228666	121.46004	30.0	酒吧	123.0	静安区泰兴路99号张园A栋202
352727	Quincy Theme Bar(这是一条测试商户数据，仅用于测试开发，开发完成后请申请正式数据...)	31.20377	121.42311	30.0	酒吧	144.0	长宁区定西路465号（近新华路）
352750	艾比尔啤酒坊(这是一条测试商户数据，仅用于测试开发，开发完成后请申请正式数据...)	31.141693	121.358635	0.0	酒吧	86.0	闵行区七莘路2233号
352839	M18(这是一条测试商户数据，仅用于测试开发，开发完成后请申请正式数据...)	31.238482	121.48977	35.0	酒吧	300.0	黄浦区中山东一路18号外滩十八号4楼
359031	Listen Live House(这是一条测试商户数据，仅用于测试开发，开发完成后请申请正式数据...)	31.280844	121.44301	0.0	酒吧	60.0	闸北区万荣路700号C6
